-- phpMyAdmin SQL Dump
-- version 5.1.1
-- https://www.phpmyadmin.net/
--
-- Máy chủ: 127.0.0.1
-- Thời gian đã tạo: Th8 17, 2022 lúc 03:41 PM
-- Phiên bản máy phục vụ: 10.4.22-MariaDB
-- Phiên bản PHP: 8.0.15

SET SQL_MODE = "NO_AUTO_VALUE_ON_ZERO";
START TRANSACTION;
SET time_zone = "+00:00";


/*!40101 SET @OLD_CHARACTER_SET_CLIENT=@@CHARACTER_SET_CLIENT */;
/*!40101 SET @OLD_CHARACTER_SET_RESULTS=@@CHARACTER_SET_RESULTS */;
/*!40101 SET @OLD_COLLATION_CONNECTION=@@COLLATION_CONNECTION */;
/*!40101 SET NAMES utf8mb4 */;

--
-- Cơ sở dữ liệu: `ecommerce_laravel`
--

-- --------------------------------------------------------

--
-- Cấu trúc bảng cho bảng `migrations`
--

CREATE TABLE `migrations` (
  `id` int(10) UNSIGNED NOT NULL,
  `migration` varchar(255) COLLATE utf8mb4_unicode_ci NOT NULL,
  `batch` int(11) NOT NULL
) ENGINE=InnoDB DEFAULT CHARSET=utf8mb4 COLLATE=utf8mb4_unicode_ci;

--
-- Đang đổ dữ liệu cho bảng `migrations`
--

INSERT INTO `migrations` (`id`, `migration`, `batch`) VALUES
(1, '2014_10_12_000000_create_users_table', 1),
(2, '2014_10_12_100000_create_password_resets_table', 1),
(4, '2019_12_14_000001_create_personal_access_tokens_table', 1),
(5, '2022_03_25_045838_create_tbl_admin_table', 1),
(6, '2022_03_26_091901_create_tbl_admin_table', 2),
(7, '2022_03_27_054935_create_tbl_admin_table', 3),
(8, '2022_03_27_055304_create_tbl_admin_table', 4),
(9, '2022_03_27_075433_create_tbl_admin_table', 5),
(10, '2022_03_27_080350_create_tbl_admin_table', 6),
(11, '2022_03_27_081238_create_tbl_admin_table', 7),
(12, '2022_03_28_144353_create_tbl_admin_table', 8),
(13, '2022_04_01_024340_create_tbl_table', 9),
(14, '2022_04_02_030221_create_tbl_table', 10),
(15, '2022_04_03_145348_create_tbl_customer', 11),
(16, '2019_08_19_000000_create_failed_jobs_table', 12),
(17, '2022_04_04_024518_create_tbl_shipping', 12),
(18, '2022_04_06_130805_create_tbl_order', 13),
(19, '2022_04_06_131024_create_tbl_order_details', 13),
(20, '2022_04_06_132122_create_tbl_payment', 14);

-- --------------------------------------------------------

--
-- Cấu trúc bảng cho bảng `tbl_admin`
--

CREATE TABLE `tbl_admin` (
  `admin_id` int(10) UNSIGNED NOT NULL,
  `admin_email` varchar(100) COLLATE utf8mb4_unicode_ci NOT NULL,
  `admin_password` varchar(255) COLLATE utf8mb4_unicode_ci NOT NULL,
  `admin_name` varchar(255) COLLATE utf8mb4_unicode_ci NOT NULL,
  `admin_phone` varchar(255) COLLATE utf8mb4_unicode_ci NOT NULL,
  `created_at` timestamp NULL DEFAULT NULL,
  `updated_at` timestamp NULL DEFAULT NULL
) ENGINE=InnoDB DEFAULT CHARSET=utf8mb4 COLLATE=utf8mb4_unicode_ci;

--
-- Đang đổ dữ liệu cho bảng `tbl_admin`
--

INSERT INTO `tbl_admin` (`admin_id`, `admin_email`, `admin_password`, `admin_name`, `admin_phone`, `created_at`, `updated_at`) VALUES
(1, 'admin1@gmail.com', '194059e58b44cf56a0200558240d478c', 'Minh Nhat', '123456789', NULL, NULL);

-- --------------------------------------------------------

--
-- Cấu trúc bảng cho bảng `tbl_brand_product`
--

CREATE TABLE `tbl_brand_product` (
  `brand_id` int(10) UNSIGNED NOT NULL,
  `brand_name` varchar(100) COLLATE utf8mb4_unicode_ci NOT NULL,
  `brand_desc` text COLLATE utf8mb4_unicode_ci NOT NULL,
  `brand_image` varchar(100) COLLATE utf8mb4_unicode_ci NOT NULL,
  `brand_status` int(11) NOT NULL,
  `created_at` timestamp NULL DEFAULT NULL,
  `updated_at` timestamp NULL DEFAULT NULL
) ENGINE=InnoDB DEFAULT CHARSET=utf8mb4 COLLATE=utf8mb4_unicode_ci;

--
-- Đang đổ dữ liệu cho bảng `tbl_brand_product`
--

INSERT INTO `tbl_brand_product` (`brand_id`, `brand_name`, `brand_desc`, `brand_image`, `brand_status`, `created_at`, `updated_at`) VALUES
(1, 'MacBook', 'USA Mỹ', '', 1, NULL, NULL),
(2, 'Samsung', 'Hàn quốc', '', 0, NULL, NULL),
(3, 'RealMe', 'aaaa vvvvv', '', 0, NULL, NULL),
(4, 'Red Mi', 'aaqqqqccc', '', 1, NULL, NULL),
(6, 'Oppo', '123456', '', 0, NULL, NULL),
(7, 'Lenovo', 'aaaa', '', 0, NULL, NULL),
(8, 'Xiaomi', 'aaaaa', '', 0, NULL, NULL),
(9, 'MacBook', 'aâ', 'macbook-brand-88.png', 0, NULL, NULL),
(10, 'DELL', 'aaaa', 'dell-brand-59.png', 0, NULL, NULL),
(11, 'HP', 'aaa', 'hp-brand-59.png', 0, NULL, NULL),
(12, 'ASUS', '12312', 'asus-brand-18.png', 0, NULL, NULL);

-- --------------------------------------------------------

--
-- Cấu trúc bảng cho bảng `tbl_category_product`
--

CREATE TABLE `tbl_category_product` (
  `category_id` int(10) UNSIGNED NOT NULL,
  `category_name` varchar(100) COLLATE utf8mb4_unicode_ci NOT NULL,
  `category_desc` text COLLATE utf8mb4_unicode_ci NOT NULL,
  `category_status` int(11) NOT NULL,
  `created_at` timestamp NULL DEFAULT NULL,
  `updated_at` timestamp NULL DEFAULT NULL
) ENGINE=InnoDB DEFAULT CHARSET=utf8mb4 COLLATE=utf8mb4_unicode_ci;

--
-- Đang đổ dữ liệu cho bảng `tbl_category_product`
--

INSERT INTO `tbl_category_product` (`category_id`, `category_name`, `category_desc`, `category_status`, `created_at`, `updated_at`) VALUES
(1, 'Điện thoại', 'Dòng điện thoại nổi tiếng đến từ Apple, đến từ Hoa Kì', 0, '2022-03-26 15:12:10', NULL),
(2, 'MÁY TÍNH & LAPTOP', 'Thương hiệu Hàn Quốc', 0, '2022-03-25 15:12:39', NULL),
(3, 'PHỤ KIỆN', 'Xuất xứ từ Trung Quốc', 0, '2022-03-23 15:12:49', NULL),
(4, 'Đồng hồ', 'Dòng Laptop', 0, NULL, NULL),
(6, 'Máy cũ', 'MAN', 0, NULL, NULL),
(7, 'Giảm giá', '123', 0, NULL, NULL);

-- --------------------------------------------------------

--
-- Cấu trúc bảng cho bảng `tbl_comment`
--

CREATE TABLE `tbl_comment` (
  `comment_id` int(11) NOT NULL,
  `comment` text NOT NULL,
  `comment_name` varchar(50) NOT NULL,
  `comment_date` varchar(50) NOT NULL,
  `comment_product_id` int(11) UNSIGNED NOT NULL,
  `created_at` timestamp NULL DEFAULT NULL,
  `updated_at` timestamp NULL DEFAULT NULL
) ENGINE=InnoDB DEFAULT CHARSET=utf8;

--
-- Đang đổ dữ liệu cho bảng `tbl_comment`
--

INSERT INTO `tbl_comment` (`comment_id`, `comment`, `comment_name`, `comment_date`, `comment_product_id`, `created_at`, `updated_at`) VALUES
(1, 'sản phẩm đẹp chất lượng, đáng để sử dụng', 'NhatKool', '2022-04-10', 11, NULL, NULL),
(2, 'sản phẩm đẹp ok đấy nhưng chất lượng hơi kém, đáng để sử dụng', 'minhnhat', '2022-04-19', 11, '2022-04-19 08:19:05', '2022-04-19 08:19:05'),
(3, 'sản phẩm rất đẹp và phù hợp với giá tiền', 'minhnhat', '2022-05-04', 12, '2022-05-04 02:55:43', '2022-05-04 02:55:43'),
(4, 'rất ưng ý điện thoại này', 'ngocbich', '2022-05-04', 12, '2022-05-04 02:57:18', '2022-05-04 02:57:18'),
(5, 'sản phẩm rất ok', 'minhnhat', '2022-05-17', 21, '2022-05-17 01:52:38', '2022-05-17 01:52:38'),
(6, 'sản phẩm tốt', 'minhnhat', '2022-05-18', 14, '2022-05-17 23:32:13', '2022-05-17 23:32:13');

-- --------------------------------------------------------

--
-- Cấu trúc bảng cho bảng `tbl_coupon`
--

CREATE TABLE `tbl_coupon` (
  `coupon_id` int(10) UNSIGNED NOT NULL,
  `coupon_name` varchar(100) COLLATE utf8mb4_unicode_ci NOT NULL,
  `coupon_code` varchar(100) COLLATE utf8mb4_unicode_ci NOT NULL,
  `coupon_amount` int(11) NOT NULL,
  `coupon_condition` int(11) NOT NULL,
  `coupon_number` int(11) NOT NULL,
  `created_at` timestamp NULL DEFAULT NULL,
  `updated_at` timestamp NULL DEFAULT NULL
) ENGINE=InnoDB DEFAULT CHARSET=utf8mb4 COLLATE=utf8mb4_unicode_ci;

--
-- Đang đổ dữ liệu cho bảng `tbl_coupon`
--

INSERT INTO `tbl_coupon` (`coupon_id`, `coupon_name`, `coupon_code`, `coupon_amount`, `coupon_condition`, `coupon_number`, `created_at`, `updated_at`) VALUES
(1, 'giảm giá 30/4', '123ABC', 10, 1, 10, '2022-04-01 20:52:57', '2022-04-01 20:52:57'),
(3, 'giảm giá 30/4', '123ABCBA', 10, 2, 50000, '2022-04-01 22:50:30', '2022-04-01 22:50:30'),
(4, 'giảm giá 1/6', '161616', 10, 1, 30, '2022-05-17 20:44:45', '2022-05-17 20:44:45');

-- --------------------------------------------------------

--
-- Cấu trúc bảng cho bảng `tbl_customer`
--

CREATE TABLE `tbl_customer` (
  `customer_id` int(10) UNSIGNED NOT NULL,
  `customer_name` varchar(50) COLLATE utf8mb4_unicode_ci NOT NULL,
  `customer_email` varchar(100) COLLATE utf8mb4_unicode_ci NOT NULL,
  `customer_password` varchar(100) COLLATE utf8mb4_unicode_ci NOT NULL,
  `customer_phone` varchar(50) COLLATE utf8mb4_unicode_ci NOT NULL,
  `created_at` timestamp NULL DEFAULT NULL,
  `updated_at` timestamp NULL DEFAULT NULL
) ENGINE=InnoDB DEFAULT CHARSET=utf8mb4 COLLATE=utf8mb4_unicode_ci;

--
-- Đang đổ dữ liệu cho bảng `tbl_customer`
--

INSERT INTO `tbl_customer` (`customer_id`, `customer_name`, `customer_email`, `customer_password`, `customer_phone`, `created_at`, `updated_at`) VALUES
(1, 'minhnhat', 'minhnhat@gmail.com', 'e10adc3949ba59abbe56e057f20f883e', '0', '2022-04-18 21:07:04', '2022-04-18 21:07:04'),
(2, 'ngocbich', 'ngocbich@gmail.com', 'e10adc3949ba59abbe56e057f20f883e', '0', '2022-05-04 02:56:43', '2022-05-04 02:56:43'),
(3, 'Cuden', 'cuden@gmail.com', 'e10adc3949ba59abbe56e057f20f883e', '0', '2022-05-17 02:13:25', '2022-05-17 02:13:25'),
(4, 'phuongly', 'phuongly@gmail.com', 'e10adc3949ba59abbe56e057f20f883e', '0', '2022-07-20 20:28:36', '2022-07-20 20:28:36');

-- --------------------------------------------------------

--
-- Cấu trúc bảng cho bảng `tbl_fee_ship`
--

CREATE TABLE `tbl_fee_ship` (
  `fee_id` int(50) NOT NULL,
  `fee_matp` int(10) NOT NULL,
  `fee_maqh` int(10) UNSIGNED NOT NULL,
  `fee_xaid` int(10) UNSIGNED NOT NULL,
  `fee_feeship` varchar(50) NOT NULL,
  `created_at` timestamp NULL DEFAULT NULL,
  `updated_at` timestamp NULL DEFAULT NULL
) ENGINE=InnoDB DEFAULT CHARSET=utf8;

--
-- Đang đổ dữ liệu cho bảng `tbl_fee_ship`
--

INSERT INTO `tbl_fee_ship` (`fee_id`, `fee_matp`, `fee_maqh`, `fee_xaid`, `fee_feeship`, `created_at`, `updated_at`) VALUES
(1, 92, 916, 31147, '20000', '2022-05-17 21:14:11', '2022-05-17 21:14:11'),
(2, 92, 916, 31117, '20000', '2022-05-17 21:14:31', '2022-05-17 21:14:31'),
(3, 92, 916, 31120, '30000', '2022-05-17 21:14:48', '2022-05-17 21:14:48');

-- --------------------------------------------------------

--
-- Cấu trúc bảng cho bảng `tbl_order`
--

CREATE TABLE `tbl_order` (
  `order_id` int(10) UNSIGNED NOT NULL,
  `customer_id` int(11) UNSIGNED NOT NULL,
  `shipping_id` int(11) UNSIGNED NOT NULL,
  `payment_id` int(11) UNSIGNED NOT NULL,
  `order_total` varchar(200) COLLATE utf8mb4_unicode_ci NOT NULL,
  `order_status` int(3) NOT NULL,
  `order_code` varchar(50) COLLATE utf8mb4_unicode_ci NOT NULL,
  `order_coupon` varchar(20) COLLATE utf8mb4_unicode_ci NOT NULL,
  `order_feeship` int(11) NOT NULL,
  `order_date` varchar(50) COLLATE utf8mb4_unicode_ci NOT NULL,
  `created_at` timestamp NULL DEFAULT NULL,
  `updated_at` timestamp NULL DEFAULT NULL
) ENGINE=InnoDB DEFAULT CHARSET=utf8mb4 COLLATE=utf8mb4_unicode_ci;

--
-- Đang đổ dữ liệu cho bảng `tbl_order`
--

INSERT INTO `tbl_order` (`order_id`, `customer_id`, `shipping_id`, `payment_id`, `order_total`, `order_status`, `order_code`, `order_coupon`, `order_feeship`, `order_date`, `created_at`, `updated_at`) VALUES
(1, 1, 1, 2, '67626000', 3, '457ce', '10%', 0, '2022-04-19', '2022-04-19 04:09:15', '2022-04-18 22:04:51'),
(2, 1, 1, 3, '65640000', 3, '70040', '0', 0, '2022-04-19', '2022-04-19 05:11:41', '2022-04-18 22:12:21'),
(3, 1, 1, 4, '8982000', 3, 'e9803', '10%', 0, '2022-04-19', '2022-04-19 07:41:32', '2022-04-19 00:42:24'),
(4, 2, 2, 5, '51580000', 3, '00e76', '0', 50000, '2022-05-04', '2022-05-04 10:01:26', '2022-05-17 02:11:34'),
(5, 1, 1, 6, '17660000', 0, '71ec7', '0', 50000, '2022-05-16', '2022-05-16 07:33:53', '2022-05-16 07:33:53'),
(6, 1, 1, 7, '4990000', 0, '16d06', '0', 0, '2022-05-16', '2022-05-16 08:02:22', '2022-05-16 08:02:22'),
(7, 1, 1, 8, '4990000', 3, '09778', '0', 0, '2022-05-16', '2022-05-16 08:10:55', '2022-05-17 02:11:58'),
(8, 3, 3, 9, '50930000', 3, '0c74d', '0', 0, '2022-05-17', '2022-05-17 09:18:27', '2022-05-17 02:25:03'),
(9, 3, 3, 10, '50930000', 1, '36309', '0', 0, '2022-05-17', '2022-05-17 09:20:52', '2022-05-17 02:25:17'),
(10, 3, 3, 11, '50930000', 1, 'f3354', '0', 0, '2022-05-17', '2022-05-17 09:21:10', '2022-05-17 19:55:42'),
(11, 3, 3, 12, '10940000', 0, 'c6ec9', '0', 0, '2022-05-17', '2022-05-17 09:21:56', '2022-05-17 09:21:56'),
(12, 3, 3, 13, '49990000', 0, 'd6710', '0', 0, '2022-05-17', '2022-05-17 09:23:47', '2022-05-17 09:23:47'),
(13, 1, 1, 14, '10990000', 0, 'a9634', '0', 50000, '2022-05-18', '2022-05-18 03:26:27', '2022-05-18 03:26:27'),
(14, 1, 5, 15, '21279000', 3, '42efe', '30%', 20000, '2022-05-18', '2022-05-18 06:38:20', '2022-05-17 23:39:52'),
(15, 4, 12, 16, '30420000', 0, '1f1bb', '0', 50000, '2022-07-21', '2022-07-21 04:08:53', '2022-07-21 04:08:53');

-- --------------------------------------------------------

--
-- Cấu trúc bảng cho bảng `tbl_order_details`
--

CREATE TABLE `tbl_order_details` (
  `order_details_id` int(10) UNSIGNED NOT NULL,
  `order_id` int(10) UNSIGNED NOT NULL,
  `product_id` int(11) UNSIGNED NOT NULL,
  `product_name` varchar(255) COLLATE utf8mb4_unicode_ci NOT NULL,
  `product_image` varchar(200) COLLATE utf8mb4_unicode_ci NOT NULL,
  `product_desc` varchar(200) COLLATE utf8mb4_unicode_ci NOT NULL,
  `product_price` varchar(200) COLLATE utf8mb4_unicode_ci NOT NULL,
  `product_order_quantity` int(11) NOT NULL,
  `created_at` timestamp NULL DEFAULT NULL,
  `updated_at` timestamp NULL DEFAULT NULL
) ENGINE=InnoDB DEFAULT CHARSET=utf8mb4 COLLATE=utf8mb4_unicode_ci;

--
-- Đang đổ dữ liệu cho bảng `tbl_order_details`
--

INSERT INTO `tbl_order_details` (`order_details_id`, `order_id`, `product_id`, `product_name`, `product_image`, `product_desc`, `product_price`, `product_order_quantity`, `created_at`, `updated_at`) VALUES
(1, 1, 13, 'Điện thoại Oppo Reno7', 'oppo-reno7-16.jpg', '<p>Bộ camera trước sau bắt trọn mọi khoảnh khắc</p>', '10940000', 2, '2022-04-19 04:09:15', '2022-04-18 21:41:15'),
(2, 1, 8, 'Iphone 13 Pro Max', 'iphone_13_pro_max_blue-5.jpg', 'aaaa', '32100000', 2, '2022-04-19 04:09:15', '2022-04-19 04:09:15'),
(3, 2, 14, 'Điện thoại Oppo A55 5G', 'oppo-a55-5g-27.jpg', '<p>Opppo A55 thượng hiệu</p>', '4990000', 1, '2022-04-19 05:11:41', '2022-04-19 05:11:41'),
(4, 2, 13, 'Điện thoại Oppo Reno7', 'oppo-reno7-16.jpg', '<p>Bộ camera trước sau bắt trọn mọi khoảnh khắc</p>', '10940000', 1, '2022-04-19 05:11:41', '2022-04-19 05:11:41'),
(5, 2, 10, 'LG G7 Thing', 'lg-g7-thinq-600x600-87.jpg', 'lkmznffasdsd', '9120000', 1, '2022-04-19 05:11:42', '2022-04-19 05:11:42'),
(6, 2, 8, 'Iphone 13 Pro Max', 'iphone_13_pro_max_blue-5.jpg', 'aaaa', '32100000', 1, '2022-04-19 05:11:42', '2022-04-19 05:11:42'),
(7, 2, 12, 'Oppo Reno6 Z 5G', 'oppo-reno6-75.jpeg', '<p>Oppo Reno6 Z 5G</p>', '8490000', 1, '2022-04-19 05:11:42', '2022-04-19 05:11:42'),
(8, 3, 14, 'Điện thoại Oppo A55 5G', 'oppo-a55-5g-27.jpg', '<p>Opppo A55 thượng hiệu</p>', '4990000', 2, '2022-04-19 07:41:32', '2022-04-19 07:41:32'),
(9, 4, 12, 'Oppo Reno6 Z 5G', 'oppo-reno6-75.jpeg', '<p>Oppo Reno6 Z 5G</p>', '8490000', 1, '2022-05-04 10:01:26', '2022-05-04 10:01:26'),
(10, 4, 13, 'Điện thoại Oppo Reno7', 'oppo-reno7-16.jpg', '<p>Bộ camera trước sau bắt trọn mọi khoảnh khắc</p>', '10940000', 1, '2022-05-04 10:01:26', '2022-05-04 10:01:26'),
(11, 4, 8, 'Iphone 13 Pro Max', 'iphone_13_pro_max_blue-5.jpg', 'aaaa', '32100000', 1, '2022-05-04 10:01:27', '2022-05-04 10:01:27'),
(12, 5, 12, 'Oppo Reno6 Z 5G', 'oppo-reno6-75.jpeg', '<p>Oppo Reno6 Z 5G</p>', '8490000', 1, '2022-05-16 07:33:53', '2022-05-16 07:33:53'),
(13, 5, 10, 'LG G7 Thing', 'lg-g7-thinq-600x600-87.jpg', 'lkmznffasdsd', '9120000', 1, '2022-05-16 07:33:53', '2022-05-16 07:33:53'),
(14, 6, 14, 'Điện thoại Oppo A55 5G', 'oppo-a55-5g-27.jpg', '<p>Opppo A55 thượng hiệu</p>', '4990000', 1, '2022-05-16 08:02:23', '2022-05-16 08:02:23'),
(15, 7, 14, 'Điện thoại Oppo A55 5G', 'oppo-a55-5g-27.jpg', '<p>Opppo A55 thượng hiệu</p>', '4990000', 1, '2022-05-16 08:10:55', '2022-05-16 08:10:55'),
(16, 8, 13, 'Điện thoại Oppo Reno7', 'oppo-reno7-16.jpg', '<p>Bộ camera trước sau bắt trọn mọi khoảnh khắc</p>', '10940000', 1, '2022-05-17 09:18:28', '2022-05-17 09:18:28'),
(17, 9, 13, 'Điện thoại Oppo Reno7', 'oppo-reno7-16.jpg', '<p>Bộ camera trước sau bắt trọn mọi khoảnh khắc</p>', '10940000', 1, '2022-05-17 09:20:53', '2022-05-17 09:20:53'),
(18, 10, 13, 'Điện thoại Oppo Reno7', 'oppo-reno7-16.jpg', '<p>Bộ camera trước sau bắt trọn mọi khoảnh khắc</p>', '10940000', 1, '2022-05-17 09:21:11', '2022-05-17 09:21:11'),
(19, 11, 13, 'Điện thoại Oppo Reno7', 'oppo-reno7-16.jpg', '<p>Bộ camera trước sau bắt trọn mọi khoảnh khắc</p>', '10940000', 1, '2022-05-17 09:21:56', '2022-05-17 09:21:56'),
(20, 12, 22, 'Asus Gaming ROG Flow', 'asus-gaming-rog-flow-z13-31.jpg', '<p>Laptop&nbsp;Asus Gaming ROG Flow</p>', '49990000', 1, '2022-05-17 09:23:48', '2022-05-17 09:23:48'),
(21, 13, 13, 'Điện thoại Oppo Reno7', 'oppo-reno7-16.jpg', '<p>Bộ camera trước sau bắt trọn mọi khoảnh khắc</p>', '10940000', 1, '2022-05-18 03:26:27', '2022-05-18 03:26:27'),
(22, 14, 13, 'Điện thoại Oppo Reno7', 'oppo-reno7-16.jpg', '<p>Bộ camera trước sau bắt trọn mọi khoảnh khắc</p>', '10940000', 2, '2022-05-18 06:38:20', '2022-05-18 06:38:20'),
(23, 14, 12, 'Oppo Reno6 Z 5G', 'oppo-reno6-75.jpeg', '<p>Oppo Reno6 Z 5G</p>', '8490000', 1, '2022-05-18 06:38:20', '2022-05-18 06:38:20'),
(24, 15, 13, 'Điện thoại Oppo Reno7', 'oppo-reno7-16.jpg', '<p>Bộ camera trước sau bắt trọn mọi khoảnh khắc</p>', '10940000', 2, '2022-07-21 04:08:53', '2022-07-21 04:08:53'),
(25, 15, 12, 'Oppo Reno6 Z 5G', 'oppo-reno6-75.jpeg', '<p>Oppo Reno6 Z 5G</p>', '8490000', 1, '2022-07-21 04:08:53', '2022-07-21 04:08:53');

-- --------------------------------------------------------

--
-- Cấu trúc bảng cho bảng `tbl_payment`
--

CREATE TABLE `tbl_payment` (
  `payment_id` int(10) UNSIGNED NOT NULL,
  `payment_method` varchar(255) COLLATE utf8mb4_unicode_ci NOT NULL,
  `payment_status` varchar(255) COLLATE utf8mb4_unicode_ci NOT NULL,
  `created_at` timestamp NULL DEFAULT NULL,
  `updated_at` timestamp NULL DEFAULT NULL
) ENGINE=InnoDB DEFAULT CHARSET=utf8mb4 COLLATE=utf8mb4_unicode_ci;

--
-- Đang đổ dữ liệu cho bảng `tbl_payment`
--

INSERT INTO `tbl_payment` (`payment_id`, `payment_method`, `payment_status`, `created_at`, `updated_at`) VALUES
(2, '2', 'Đang chờ xử lí', '2022-04-18 21:09:15', '2022-04-18 21:09:15'),
(3, '2', 'Đang chờ xử lí', '2022-04-18 22:11:41', '2022-04-18 22:11:41'),
(4, '2', 'Đang chờ xử lí', '2022-04-19 00:41:32', '2022-04-19 00:41:32'),
(5, '2', 'Đang chờ xử lí', '2022-05-04 03:01:26', '2022-05-04 03:01:26'),
(6, '2', 'Đang chờ xử lí', '2022-05-16 00:33:52', '2022-05-16 00:33:52'),
(7, '2', 'Đang chờ xử lí', '2022-05-16 01:02:22', '2022-05-16 01:02:22'),
(8, '3', 'Đang chờ xử lí', '2022-05-16 01:10:55', '2022-05-16 01:10:55'),
(9, '2', 'Đang chờ xử lí', '2022-05-17 02:18:27', '2022-05-17 02:18:27'),
(10, '2', 'Đang chờ xử lí', '2022-05-17 02:20:52', '2022-05-17 02:20:52'),
(11, '2', 'Đang chờ xử lí', '2022-05-17 02:21:10', '2022-05-17 02:21:10'),
(12, '2', 'Đang chờ xử lí', '2022-05-17 02:21:55', '2022-05-17 02:21:55'),
(13, '2', 'Đang chờ xử lí', '2022-05-17 02:23:47', '2022-05-17 02:23:47'),
(14, '3', 'Đang chờ xử lí', '2022-05-17 20:26:27', '2022-05-17 20:26:27'),
(15, '3', 'Đang chờ xử lí', '2022-05-17 23:38:20', '2022-05-17 23:38:20'),
(16, '2', 'Đang chờ xử lí', '2022-07-20 21:08:53', '2022-07-20 21:08:53');

-- --------------------------------------------------------

--
-- Cấu trúc bảng cho bảng `tbl_product`
--

CREATE TABLE `tbl_product` (
  `product_id` int(10) UNSIGNED NOT NULL,
  `category_id` int(11) UNSIGNED NOT NULL,
  `brand_id` int(11) UNSIGNED NOT NULL,
  `product_name` varchar(255) COLLATE utf8mb4_unicode_ci NOT NULL,
  `product_quantity` int(11) NOT NULL,
  `product_sold` int(11) NOT NULL DEFAULT 0,
  `product_desc` text COLLATE utf8mb4_unicode_ci NOT NULL,
  `product_content` text COLLATE utf8mb4_unicode_ci NOT NULL,
  `product_price` varchar(255) COLLATE utf8mb4_unicode_ci NOT NULL,
  `product_img` varchar(255) COLLATE utf8mb4_unicode_ci NOT NULL,
  `product_status` int(11) NOT NULL,
  `created_at` timestamp NULL DEFAULT NULL,
  `updated_at` timestamp NULL DEFAULT NULL
) ENGINE=InnoDB DEFAULT CHARSET=utf8mb4 COLLATE=utf8mb4_unicode_ci;

--
-- Đang đổ dữ liệu cho bảng `tbl_product`
--

INSERT INTO `tbl_product` (`product_id`, `category_id`, `brand_id`, `product_name`, `product_quantity`, `product_sold`, `product_desc`, `product_content`, `product_price`, `product_img`, `product_status`, `created_at`, `updated_at`) VALUES
(7, 1, 2, 'Samsung Galaxy S21', 10, 0, 'aaaa', 'bộ 3 camera selfi', '9900000', 'samsung-galaxy-s21-tim-89.jpg', 0, NULL, NULL),
(8, 1, 1, 'Iphone 13 Pro Max', 12, 8, 'aaaa', 'apple123', '32100000', 'iphone_13_pro_max_blue-5.jpg', 0, NULL, '2022-05-17 02:11:34'),
(9, 1, 6, 'Oppo A94', 10, 0, '123456 abcde', 'sản phẩm tầm trung', '4490000', 'oppo-a94-76.jpg', 0, NULL, NULL),
(10, 1, 3, 'LG G7 Thing', 4, 1, 'lkmznffasdsd', 'đến từ LG', '9120000', 'lg-g7-thinq-600x600-87.jpg', 0, NULL, '2022-04-18 22:12:22'),
(11, 1, 6, 'Oppo Reno4', 0, 0, '<p>ấdadaszzxcxzcasdads</p>', '<p>oppo reno4 c&ocirc;ng nghệ mới</p>', '6220000', 'oppo-reno4-35.jpg', 0, NULL, NULL),
(12, 1, 6, 'Oppo Reno6 Z 5G', 15, 5, '<p>Oppo Reno6 Z 5G</p>', '<h3><a href=\"https://www.thegioididong.com/dtdd/oppo-reno6-z-5g\" target=\"_blank\" title=\"Tham khảo điện thoại OPPO Reno6 Z 5G kinh doanh chính hãng tại Thegioididong.com\">Reno6 Z 5G</a>&nbsp;đến từ nh&agrave;&nbsp;<a href=\"https://www.thegioididong.com/dtdd-oppo\" target=\"_blank\" title=\"Tham khảo điện thoại OPPO đang bán tại thegioididong.com\">OPPO</a>&nbsp;với h&agrave;ng loạt sự n&acirc;ng cấp v&agrave; cải tiến kh&ocirc;ng chỉ ngoại h&igrave;nh b&ecirc;n ngo&agrave;i m&agrave; c&ograve;n sức mạnh b&ecirc;n trong. Đặc biệt, chiếc&nbsp;<a href=\"https://www.thegioididong.com/dtdd\" target=\"_blank\" title=\"Tham khảo điện thoại đang bán tại thegioididong.com\">điện thoại</a>&nbsp;được h&atilde;ng đ&aacute;nh gi&aacute; &ldquo;chuy&ecirc;n gia ch&acirc;n dung bắt trọn mọi cảm x&uacute;c ch&acirc;n thật nhất&rdquo;, đ&acirc;y chắc chắn sẽ l&agrave; một &ldquo;si&ecirc;u phẩm&quot; m&agrave; bạn kh&ocirc;ng thể bỏ qua.</h3>\r\n\r\n<h3>Bộ 3 camera chuy&ecirc;n nghiệp - Mỗi cảm x&uacute;c, một ch&acirc;n dung</h3>\r\n\r\n<p>Hệ thống camera sau được trang bị tối t&acirc;n, trong đ&oacute; c&oacute; camera ch&iacute;nh 64 MP,&nbsp;<a href=\"https://www.thegioididong.com/dtdd-camera-goc-rong\" target=\"_blank\" title=\"Tham khảo điện thoại có camera góc siêu rộng tại Thegioididong.com\">camera g&oacute;c si&ecirc;u rộng</a>&nbsp;8 MP v&agrave;&nbsp;<a href=\"https://www.thegioididong.com/dtdd-camera-macro\" target=\"_blank\" title=\"Tham khảo điện thoại có camera macro kinh doanh tại Thegioididong.com\">camera macro</a>&nbsp;2 MP c&ugrave;ng camera trước 32 MP lu&ocirc;n sẵn s&agrave;ng bắt trọn mọi cảm x&uacute;c trong khung h&igrave;nh, gi&uacute;p người d&ugrave;ng thoải m&aacute;i ghi lại những khoảnh khắc trong cuộc sống một c&aacute;ch ấn tượng nhất.</p>\r\n\r\n<p><a href=\"https://www.thegioididong.com/images/42/239747/oppo-reno6-z-5g-01.jpg\" onclick=\"return false;\"><img alt=\"OPPO Reno6 Z 5G - Cụm camera sau\" src=\"https://cdn.tgdd.vn/Products/Images/42/239747/oppo-reno6-z-5g-01.jpg\" title=\"OPPO Reno6 Z 5G - Cụm camera sau\" /></a></p>\r\n\r\n<p>Camera ch&iacute;nh c&oacute; độ ph&acirc;n giải cao v&agrave; nhờ thuật to&aacute;n c&oacute; thể tăng độ ph&acirc;n giải bức ảnh l&ecirc;n đến 108 MP. Với t&iacute;nh năng n&agrave;y, ch&uacute;ng ta sẽ rất dễ d&agrave;ng chụp được những bức ảnh đ&ocirc;ng người hay c&aacute;c cảnh vật ở xa v&agrave; khi zoom l&ecirc;n c&aacute;c chi tiết vẫn rất r&otilde; n&eacute;t.</p>\r\n\r\n<p><a href=\"https://www.thegioididong.com/images/42/239747/oppo-reno6-z-5g-02.jpg\" onclick=\"return false;\"><img alt=\"OPPO Reno6 Z 5G - Ảnh chụp trên camera\" src=\"https://cdn.tgdd.vn/Products/Images/42/239747/oppo-reno6-z-5g-02.jpg\" title=\"OPPO Reno6 Z 5G - Ảnh chụp trên camera\" /></a></p>\r\n\r\n<p>Đ&oacute;n đầu xu hướng c&ugrave;ng nh&agrave; OPPO với t&iacute;nh năng đột ph&aacute; &ldquo;Ch&acirc;n dung Bokeh Flare&rdquo; kh&ocirc;ng chỉ đơn thuần l&agrave; x&oacute;a ph&ocirc;ng, m&agrave; n&oacute; sẽ xử l&yacute; chủ thể v&agrave; hậu cảnh một c&aacute;ch độc lập, từ đ&oacute; kết hợp c&ugrave;ng c&ocirc;ng nghệ AI chỉnh &aacute;nh s&aacute;ng ph&iacute;a sau th&agrave;nh ph&ocirc;ng nền ảo diệu l&agrave;m cho tổng thể bức ảnh lung linh hơn v&agrave; nghệ thuật hơn.</p>\r\n\r\n<p><a href=\"https://www.thegioididong.com/images/42/239747/reno6-z-5g-34.jpg\" onclick=\"return false;\"><img alt=\"OPPO Reno6 Z 5G - Ảnh chụp trên camera\" src=\"https://cdn.tgdd.vn/Products/Images/42/239747/reno6-z-5g-34.jpg\" title=\"OPPO Reno6 Z 5G - Ảnh chụp trên camera\" /></a></p>\r\n\r\n<p>T&iacute;nh năng chụp ảnh nhanh SnapShot cho độ phơi s&aacute;ng l&ecirc;n đến 1/1000 ms ở ngo&agrave;i trời với &aacute;nh s&aacute;ng tốt. Qua đ&oacute;, bạn c&oacute; thể bắt trọn từng chuyển động của đối tượng như trẻ em đang chạy nhảy, c&aacute;c bộ m&ocirc;n thể thao với độ r&otilde; n&eacute;t tốt hơn.</p>\r\n\r\n<p><a href=\"https://www.thegioididong.com/images/42/239747/reno6-z-5g-23.jpg\" onclick=\"return false;\"><img alt=\"OPPO Reno6 Z 5G - Ảnh chụp trên camera\" src=\"https://cdn.tgdd.vn/Products/Images/42/239747/reno6-z-5g-23.jpg\" title=\"OPPO Reno6 Z 5G - Ảnh chụp trên camera\" /></a></p>\r\n\r\n<p>Giờ đ&acirc;y mỗi chuyển động đều được Reno6 Z 5G ghi lại r&otilde; r&agrave;ng v&agrave; sắc n&eacute;t với quay phim 4K, tốc độ 30 FPS cho chất lượng h&igrave;nh ảnh trong video mượt m&agrave;. C&ugrave;ng t&iacute;nh năng Live HDR gi&uacute;p c&acirc;n bằng &aacute;nh s&aacute;ng để l&agrave;m cho chủ thể nổi bật, s&aacute;ng hơn trong điều kiện thiếu s&aacute;ng d&ugrave; ban ng&agrave;y hay lẫn ban đ&ecirc;m.</p>\r\n\r\n<p><a href=\"https://www.thegioididong.com/images/42/239747/oppo-reno6-z-5g-42.jpg\" onclick=\"return false;\"><img alt=\"OPPO Reno6 Z 5G - Live HDR\" src=\"https://cdn.tgdd.vn/Products/Images/42/239747/oppo-reno6-z-5g-42.jpg\" title=\"OPPO Reno6 Z 5G - Live HDR\" /></a></p>\r\n\r\n<p>Nh&acirc;n đ&ocirc;i cảm x&uacute;c c&ugrave;ng t&iacute;nh năng video hiển thị k&eacute;p cho ph&eacute;p bạn quay video cả camera trước v&agrave; camera sau, cả hai video được hiển thị đồng thời tr&ecirc;n m&agrave;n h&igrave;nh, thật l&agrave; &yacute; nghĩa để bạn c&oacute; thể ghi lại những khoảnh khắc đ&aacute;ng nhớ khi đi kh&aacute;m ph&aacute;, du lịch.</p>\r\n\r\n<p><a href=\"https://www.thegioididong.com/images/42/239747/oppo-reno6-z-5g-41.jpg\" onclick=\"return false;\"><img alt=\"OPPO Reno6Z 5G - Camera\" src=\"https://cdn.tgdd.vn/Products/Images/42/239747/oppo-reno6-z-5g-41.jpg\" title=\"OPPO Reno6Z 5G - Camera\" /></a></p>\r\n\r\n<h3>Thiết kế thời thượng, vẻ ngo&agrave;i đầy ấn tượng</h3>\r\n\r\n<p>Reno6 Z 5G với thiết kế nguy&ecirc;n khối si&ecirc;u&nbsp;<a href=\"https://www.thegioididong.com/dtdd-mong-nhe\" target=\"_blank\" title=\"Tham khảo điện thoại với thiết kế mỏng nhẹ đang bán tại thegioididong.com\">mỏng nhẹ</a>&nbsp;173 gam c&ugrave;ng c&aacute;c g&oacute;c cạnh bo cong mềm mại, uyển chuyển mang đến sự mượt m&agrave; v&agrave; tinh tế, cho bạn dễ d&agrave;ng cầm nắm trong qu&aacute; tr&igrave;nh sử dụng.&nbsp;</p>\r\n\r\n<p><a href=\"https://www.thegioididong.com/images/42/239747/oppo-reno6-z-5g-04.jpg\" onclick=\"return false;\"><img alt=\"OPPO Reno6 Z 5G - Thiết kế mỏng nhẹ 173 g\" src=\"https://cdn.tgdd.vn/Products/Images/42/239747/oppo-reno6-z-5g-04.jpg\" title=\"OPPO Reno6 Z 5G - Thiết kế mỏng nhẹ 173 g\" /></a></p>\r\n\r\n<p>Mặt lưng của m&aacute;y được trang bị hiệu ứng quang phổ kim cương t&iacute;ch hợp bởi rất nhiều lớp vật liệu kh&aacute;c nhau tạo ra hiệu ứng m&agrave;u độc đ&aacute;o trong từng điều kiện m&ocirc;i trường v&agrave; &aacute;nh s&aacute;ng kh&aacute;c nhau.</p>\r\n\r\n<p>Reno6 Z c&oacute; 2 m&agrave;u sắc độc đ&aacute;o: Đen huyền b&iacute; v&agrave; Bạc đa sắc được phủ một lớp Reno Glow cho mặt lưng nh&aacute;m, hạn chế b&aacute;m bẩn, dấu v&acirc;n tay.&nbsp;</p>\r\n\r\n<p><a href=\"https://www.thegioididong.com/images/42/239747/oppo-reno6-z-5g-03.jpg\" onclick=\"return false;\"><img alt=\"OPPO Reno6 Z 5G - Thiết kế mặt lưng đẹp mắt với 2 màu sắc đi kèm\" src=\"https://cdn.tgdd.vn/Products/Images/42/239747/oppo-reno6-z-5g-03.jpg\" title=\"OPPO Reno6 Z 5G - Thiết kế mặt lưng đẹp mắt với 2 màu sắc đi kèm\" /></a></p>\r\n\r\n<p>Mặt trước của điện thoại cũng kh&ocirc;ng k&eacute;m phần ấn tượng với m&agrave;n h&igrave;nh thiết kế kiểu cạnh viền mỏng t&iacute;ch hợp&nbsp;<a href=\"https://www.thegioididong.com/dtdd-bao-mat-van-tay\" target=\"_blank\" title=\"Tham khảo điện thoại có bảo mật vân tay đang bán tại Thegioididong.com\">bảo mật v&acirc;n tay</a>&nbsp;dưới m&agrave;n h&igrave;nh 3.0, cho tốc độ mở m&aacute;y nhanh hơn, nhạy hơn v&agrave; bảo mật tốt hơn.</p>\r\n\r\n<p><a href=\"https://www.thegioididong.com/images/42/239747/reno6-z-5g-29.jpg\" onclick=\"return false;\"><img alt=\"OPPO Reno6 Z 5G - Cảm biến vân tay dưới màn hình\" src=\"https://cdn.tgdd.vn/Products/Images/42/239747/reno6-z-5g-29.jpg\" title=\"OPPO Reno6 Z 5G - Cảm biến vân tay dưới màn hình\" /></a></p>\r\n\r\n<h3>Kh&ocirc;ng gian hiển thị lớn với&nbsp;<a href=\"https://www.thegioididong.com/dtdd-tu-6-inch-tro-len\" target=\"_blank\" title=\"Tham khảo điện thoại màn hình 6 inch trở lên đang bán tại thegioididong.com\">m&agrave;n h&igrave;nh 6.43 inch</a></h3>\r\n\r\n<p>Reno6 Z 5G sẽ sở hữu&nbsp;<a href=\"https://www.thegioididong.com/hoi-dap/man-hinh-amoled-la-gi-905766\" target=\"_blank\" title=\"Màn hình AMOLED là gì?\">m&agrave;n h&igrave;nh AMOLED</a>&nbsp;6.43 inch c&ugrave;ng độ ph&acirc;n giải Full HD+, gi&uacute;p t&aacute;i tạo m&agrave;u sắc cho độ ch&acirc;n thực cao hơn, đem đến h&igrave;nh ảnh sắc n&eacute;t v&agrave; g&oacute;c nh&igrave;n rộng hơn đ&aacute;ng kể.&nbsp;</p>\r\n\r\n<p><a href=\"https://www.thegioididong.com/images/42/239747/reno6-z-5g-24.jpg\" onclick=\"return false;\"><img alt=\"OPPO Reno6 Z 5G - Trang bị màn hình AMOLED\" src=\"https://cdn.tgdd.vn/Products/Images/42/239747/reno6-z-5g-24.jpg\" title=\"OPPO Reno6 Z 5G - Trang bị màn hình AMOLED\" /></a></p>\r\n\r\n<p>Kh&ocirc;ng những thế m&agrave;n h&igrave;nh của thiết bị được bảo vệ bởi k&iacute;nh cường lực Gorilla Glass 5 tăng độ bền cho m&aacute;y, gi&uacute;p m&aacute;y c&agrave;ng trở n&ecirc;n cứng c&aacute;p hơn hẳn, hạn chế được c&aacute;c va đập, trầy xước.</p>\r\n\r\n<p><a href=\"https://www.thegioididong.com/images/42/239747/reno6-z-5g-20.jpg\" onclick=\"return false;\"><img alt=\"OPPO Reno6 Z 5G - Thiết kế\" src=\"https://cdn.tgdd.vn/Products/Images/42/239747/reno6-z-5g-20.jpg\" title=\"OPPO Reno6 Z 5G - Thiết kế\" /></a></p>\r\n\r\n<p>Để mắt người d&ugrave;ng lu&ocirc;n thoải m&aacute;i khi sử dụng điện thoại, đặc biệt trong thời gian d&agrave;i, m&agrave;n h&igrave;nh Reno6 Z 5G đ&atilde;&nbsp;đạt&nbsp;được chứng nhận m&agrave;n h&igrave;nh bảo vệ mắt to&agrave;n diện bởi SGS.</p>\r\n\r\n<p><a href=\"https://www.thegioididong.com/images/42/239747/reno6-z-5g-25.jpg\" onclick=\"return false;\"><img alt=\"OPPO Reno6 Z 5G - Màn hình đạt được chứng nhận bảo vệ mắt toàn diện bởi SGS\" src=\"https://cdn.tgdd.vn/Products/Images/42/239747/reno6-z-5g-25.jpg\" title=\"OPPO Reno6 Z 5G - Màn hình đạt được chứng nhận bảo vệ mắt toàn diện bởi SGS\" /></a></p>\r\n\r\n<p>Ngo&agrave;i ra, m&aacute;y c&ograve;n đạt c&aacute;c chứng nhận của Netflix HD v&agrave; Amazon Prime video HD cho bạn trải nghiệm c&aacute;c bộ phim điện ảnh hay truyền h&igrave;nh y&ecirc;u th&iacute;ch tr&ecirc;n nền tảng xem phim tốt nhất.&nbsp;</p>\r\n\r\n<p><a href=\"https://www.thegioididong.com/images/42/239747/reno6-z-5g-26.jpg\" onclick=\"return false;\"><img alt=\"OPPO Reno6 Z 5G - Đạt các chứng nhận của Netflix HD và Amazon Prime video HD\" src=\"https://cdn.tgdd.vn/Products/Images/42/239747/reno6-z-5g-26.jpg\" title=\"OPPO Reno6 Z 5G - Đạt các chứng nhận của Netflix HD và Amazon Prime video HD\" /></a></p>\r\n\r\n<div class=\"ddict_btn\" style=\"left:129.859px; top:27px\"><img src=\"chrome-extension://bpggmmljdiliancllaapiggllnkbjocb/logo/48.png\" /></div>', '8490000', 'oppo-reno6-75.jpeg', 0, NULL, '2022-05-17 23:39:52'),
(13, 1, 6, 'Điện thoại Oppo Reno7', 11, 19, '<p>Bộ camera trước sau bắt trọn mọi khoảnh khắc</p>', '<h3><a href=\"https://www.thegioididong.com/dtdd-oppo\" target=\"_blank\" title=\"Tham khảo thông tin điện thoại OPPO kinh doanh tại Thế Giới Di Động\">OPPO</a>&nbsp;đ&atilde;&nbsp;tr&igrave;nh l&agrave;ng mẫu&nbsp;<a href=\"https://www.thegioididong.com/dtdd/oppo-reno7-z\" target=\"_blank\" title=\"Tham khảo thông tin sản phẩm tại Thế Giới Di Động\">Reno7 Z 5G</a>&nbsp;với thiết kế OPPO Glow độc quyền, camera mang hiệu ứng như m&aacute;y DSLR chuy&ecirc;n nghiệp c&ugrave;ng viền s&aacute;ng k&eacute;p, m&aacute;y c&oacute; một cấu h&igrave;nh mạnh mẽ v&agrave; đạt chứng nhận xếp hạng A về độ mượt.</h3>\r\n\r\n<h3>Dễ d&agrave;ng nổi bật giữa đ&aacute;m đ&ocirc;ng</h3>\r\n\r\n<p><a href=\"https://www.thegioididong.com/dtdd\" target=\"_blank\" title=\"Tham khảo điện thoại kinh doanh tại Thế Giới Di Động\">Điện thoại</a>&nbsp;OPPO Reno7 Z 5G c&oacute; khung vi&ecirc;̀n v&aacute;t phẳng, vu&ocirc;ng vức trendy l&agrave;m cho m&aacute;y to&aacute;t l&ecirc;n n&eacute;t hiện đại v&agrave; năng động. Bốn g&oacute;c được bo cong mềm mại tạo cảm gi&aacute;c thoải m&aacute;i v&agrave; nhẹ nh&agrave;ng (chỉ 173 g). Với thiết kế nguy&ecirc;n khối l&agrave;m tổng thể m&aacute;y trở n&ecirc;n cực kỳ chắc chắn, kh&ocirc;ng chỉ đẹp m&agrave; c&ograve;n tăng độ bền.</p>\r\n\r\n<p><a href=\"https://www.thegioididong.com/images/42/271717/oppo-reno7-z-1-3.jpg\" onclick=\"return false;\"><img alt=\"Thiết kế khung viền phẳng - OPPO Reno7 Z 5G\" src=\"https://cdn.tgdd.vn/Products/Images/42/271717/oppo-reno7-z-1-3.jpg\" title=\"Thiết kế khung viền phẳng - OPPO Reno7 Z 5G\" /></a></p>\r\n\r\n<p>Điểm ấn tượng nhất tr&ecirc;n Reno7 Z l&agrave; d&ugrave;ng thiết kế OPPO Glow độc quyền, mang đến một mặt lưng tinh tế, c&oacute; thể chuyển m&agrave;u sắc khi thay đổi g&oacute;c nh&igrave;n. M&aacute;y c&oacute; 2 phi&ecirc;n bản m&agrave;u: Đen V&ocirc; Cực sang trọng, tinh tế v&agrave; Bạc Đa Sắc nổi bật. D&ugrave; lựa chọn phi&ecirc;n bản m&agrave;u n&agrave;o th&igrave; mặt lưng m&aacute;y cũng được phủ nh&aacute;m gi&uacute;p hạn chế t&igrave;nh trạng b&aacute;m v&acirc;n tay v&agrave; mồ h&ocirc;i, cho điện thoại sẽ lu&ocirc;n giữ được vẻ &ldquo;sang chảnh&rdquo; mọi l&uacute;c.</p>\r\n\r\n<p><a href=\"https://www.thegioididong.com/images/42/271717/oppo-reno7-z-2-3.jpg\" onclick=\"return false;\"><img alt=\"Màu sắc trendy - OPPO Reno7 Z 5G\" src=\"https://cdn.tgdd.vn/Products/Images/42/271717/oppo-reno7-z-2-3.jpg\" title=\"Màu sắc trendy - OPPO Reno7 Z 5G\" /></a></p>\r\n\r\n<p>Cụm camera sau ở g&oacute;c tr&ecirc;n b&ecirc;n tr&aacute;i, được t&iacute;ch hợp viền s&aacute;ng k&eacute;p độc đ&aacute;o, l&agrave;m n&ecirc;n sự kh&aacute;c biệt cho Reno7 Z. Khi c&oacute; th&ocirc;ng b&aacute;o cuộc gọi, tin nhắn hoặc l&uacute;c sạc pin, viền s&aacute;ng k&eacute;p sẽ s&aacute;ng l&ecirc;n đồng thời hoặc nhấp nh&aacute;y. Để bật/tắt t&iacute;nh năng viền s&aacute;ng n&agrave;y, bạn chỉ cần v&agrave;o &ldquo;C&agrave;i Đặt -&gt; C&aacute; Nh&acirc;n H&oacute;a -&gt; Đ&egrave;n Thở&rdquo; v&agrave; chọn k&iacute;ch hoạt.</p>\r\n\r\n<p><a href=\"https://www.thegioididong.com/images/42/271717/oppo-reno7-z-3-3.jpg\" onclick=\"return false;\"><img alt=\"Viền sáng kép độc đáo - OPPO Reno7 Z 5G\" src=\"https://cdn.tgdd.vn/Products/Images/42/271717/oppo-reno7-z-3-3.jpg\" title=\"Viền sáng kép độc đáo - OPPO Reno7 Z 5G\" /></a></p>\r\n\r\n<p>Tổng quan về 4 cạnh của m&aacute;y bao gồm cạnh tr&ecirc;n đặt micro thu &acirc;m phụ, cạnh phải l&agrave; n&uacute;t nguồn, cạnh tr&aacute;i c&oacute; cụm ph&iacute;m tăng/giảm &acirc;m lượng c&ugrave;ng khe để SIM v&agrave; cạnh dưới ta c&oacute; jack tai nghe 3.5 mm, mic thoại, cổng Type-C v&agrave; loa ngo&agrave;i.</p>\r\n\r\n<p><a href=\"https://www.thegioididong.com/images/42/271717/oppo-reno7-z-hinh-4-goc-canh.jpeg\" onclick=\"return false;\"><img alt=\"Các cạnh sản phẩm - OPPO Reno7 Z 5G\" src=\"https://cdn.tgdd.vn/Products/Images/42/271717/oppo-reno7-z-hinh-4-goc-canh.jpeg\" title=\"Các cạnh sản phẩm - OPPO Reno7 Z 5G\" /></a></p>\r\n\r\n<h3>Bật mở ch&acirc;n dung v&ocirc; hạn</h3>\r\n\r\n<p>Đối với d&ograve;ng&nbsp;<a href=\"https://www.thegioididong.com/dtdd-oppo-reno\" target=\"_blank\" title=\"Tham khảo OPPO Reno kinh doanh tại Thế Giới Di Động\">Reno Series</a>, OPPO đ&aacute;nh mạnh v&agrave;o phần trải nghiệm camera, Reno7 Z trang bị cụm 3 camera sau với cảm biến ch&iacute;nh độ ph&acirc;n giải 64 MP, ống k&iacute;nh macro 2 MP v&agrave; camera chụp ảnh xo&aacute; ph&ocirc;ng 2 MP.</p>\r\n\r\n<p><a href=\"https://www.thegioididong.com/images/42/271717/oppo-reno7-z-4-2.jpg\" onclick=\"return false;\"><img alt=\"Cụm camera - OPPO Reno7 Z 5G\" src=\"https://cdn.tgdd.vn/Products/Images/42/271717/oppo-reno7-z-4-2.jpg\" title=\"Cụm camera - OPPO Reno7 Z 5G\" /></a></p>\r\n\r\n<p>Ch&uacute;ng ta sẽ c&oacute; những bức ảnh si&ecirc;u lung linh chỉ sau 1 động t&aacute;c nhấn chụp nhờ khả năng&nbsp;<a href=\"https://www.thegioididong.com/dtdd-camera-xoa-phong\" target=\"_blank\" title=\"Tham khảo đúng rồi chụp ảnh xóa phông tại Thế Giới Di Động\">chụp ảnh ch&acirc;n dung</a>&nbsp;với t&iacute;nh năng Bokeh Flare. Phần ph&ocirc;ng nền sẽ được l&agrave;m mờ với hiệu ứng tương tự c&aacute;c m&aacute;y ảnh cơ DSLR. Độ chuyển giữa c&aacute;c v&ugrave;ng trong h&igrave;nh rất mượt m&agrave;, kh&ocirc;ng tạo cảm gi&aacute;c giả tạo hay bị cố gắng xo&aacute; nho&egrave; bằng thuật to&aacute;n.</p>\r\n\r\n<p><a href=\"https://www.thegioididong.com/images/42/271717/oppo-reno7-z-chup-bokeh.jpg\" onclick=\"return false;\"><img alt=\"Bokeh Flare - OPPO Reno7 Z 5G\" src=\"https://cdn.tgdd.vn/Products/Images/42/271717/oppo-reno7-z-chup-bokeh.jpg\" title=\"Bokeh Flare - OPPO Reno7 Z 5G\" /></a></p>\r\n\r\n<p>Với chế độ ch&acirc;n dung m&agrave;u AI sẽ gi&uacute;p bạn trở th&agrave;nh t&acirc;m điểm của mỗi bức h&igrave;nh, chỉ phần chủ thể giữ lại m&agrave;u sắc, ph&ocirc;ng nền trắng đen gi&uacute;p cho ảnh chụp của bạn th&ecirc;m phần ấn tượng hơn, cũng như c&oacute; rất nhiều bộ lọc c&oacute; sẵn để bạn lựa chọn ph&ugrave; hợp với phong c&aacute;ch ảnh chụp.</p>\r\n\r\n<p><a href=\"https://www.thegioididong.com/images/42/271717/oppo-reno7-z-bo-loc-mau.jpg\" onclick=\"return false;\"><img alt=\"Bộ lọc màu - OPPO Reno7 Z 5G\" src=\"https://cdn.tgdd.vn/Products/Images/42/271717/oppo-reno7-z-bo-loc-mau.jpg\" title=\"Bộ lọc màu - OPPO Reno7 Z 5G\" /></a></p>\r\n\r\n<p><em>*Ảnh chụp &aacute;p dụng bộ lọc m&agrave;u</em></p>\r\n\r\n<p>Đ&aacute;nh gi&aacute; chung c&aacute;c bức h&igrave;nh được chụp bởi Reno7 Z 5G c&oacute; độ chi tiết tốt, dải nhạy s&aacute;ng ổn, m&agrave;u sắc ch&acirc;n thực n&ecirc;n bạn c&oacute; thể chụp v&agrave; đăng tải l&ecirc;n c&aacute;c mạng x&atilde; hội ngay lập tức m&agrave; kh&ocirc;ng cần phải qua c&aacute;c bước chỉnh sửa. C&aacute;c tấm ảnh chụp đ&ecirc;m cũng c&oacute; chất lượng rất ổn, &aacute;nh đ&egrave;n rực rỡ kh&ocirc;ng bị ch&oacute;i, độ phơi s&aacute;ng tốt v&agrave; &iacute;t bị nhiễu hạt.</p>\r\n\r\n<p><a href=\"https://www.thegioididong.com/images/42/271717/oppo-reno7-z-chup-thieu-sang.jpg\" onclick=\"return false;\"><img alt=\"Ảnh chụp từ camera - OPPO Reno7 Z 5G\" src=\"https://cdn.tgdd.vn/Products/Images/42/271717/oppo-reno7-z-chup-thieu-sang.jpg\" title=\"Ảnh chụp từ camera - OPPO Reno7 Z 5G\" /></a></p>\r\n\r\n<p>C&ograve;n về camera trước 16 MP của OPPO th&igrave; vẫn lu&ocirc;n ghi được điểm tuyệt đối với những tấm ảnh selfie l&agrave;n da mịn m&agrave;ng, mắt to long lanh, chi tiết mọi thứ đều tuyệt. Nếu bạn ngại &ldquo;ảo&rdquo; qu&aacute; mức th&igrave; chỉ cần hạ thanh trượt l&agrave;m đẹp xuống thấp nhất th&igrave; cũng đ&atilde; c&oacute; được bức ảnh thật tự nhi&ecirc;n nhưng vẫn c&oacute; độ đẹp lung linh.</p>\r\n\r\n<p><a href=\"https://www.thegioididong.com/images/42/271717/oppo-reno7-z-chup-selfie.jpg\" onclick=\"return false;\"><img alt=\"Ảnh chụp từ camera trước - OPPO Reno7 Z 5G\" src=\"https://cdn.tgdd.vn/Products/Images/42/271717/oppo-reno7-z-chup-selfie.jpg\" title=\"Ảnh chụp từ camera trước - OPPO Reno7 Z 5G\" /></a></p>\r\n\r\n<p>Ngo&agrave;i ra th&igrave; ch&uacute;ng ta c&oacute; thể sử dụng t&iacute;nh năng quay video hiển thị k&eacute;p kh&aacute; l&agrave; hay, chất lượng video cao nhất sẽ l&agrave; 1080p nhưng quan trọng l&agrave; c&oacute; lu&ocirc;n t&iacute;nh năng l&agrave;m đẹp AI khi quay. Những video sẽ kh&ocirc;ng cần phải qua hậu kỳ qu&aacute; phức tạp m&agrave; c&oacute; thể sử dụng ngay lập tức.</p>', '10940000', 'oppo-reno7-16.jpg', 0, NULL, '2022-05-17 23:39:52'),
(14, 1, 6, 'Điện thoại Oppo A55 5G', 0, 10, '<p>Opppo A55 thượng hiệu</p>', '<h3><a href=\"https://www.thegioididong.com/dtdd-oppo\" target=\"_blank\" title=\"Tham khảo giá điện thoại, smartphone OPPO chính hãng, nhiều khuyến mãi khủng tại Thegioididong.com\">OPPO</a>&nbsp;cho ra mắt&nbsp;<a href=\"https://www.thegioididong.com/dtdd/oppo-a55-4g\" target=\"_blank\" title=\"OPPO A55 4G\">OPPO A55 4G</a>&nbsp;chiếc smartphone gi&aacute; rẻ tầm trung c&oacute; thiết kế đẹp mắt, cấu h&igrave;nh kh&aacute; ổn, cụm camera chất lượng v&agrave; dung lượng pin ấn tượng, mang đến một lựa chọn trải nghiệm th&uacute; vị vừa t&uacute;i tiền cho người ti&ecirc;u d&ugrave;ng.</h3>\r\n\r\n<h3>Lớp &ldquo;&aacute;o&rdquo; đẹp m&atilde;n nh&atilde;n</h3>\r\n\r\n<p>OPPO A55 4G c&oacute; 2 biến thể m&agrave;u gồm Starry Black (đen) v&agrave; Rainbow Blue (xanh). Thiết kế cong 3D c&ugrave;ng k&iacute;ch thước mỏng nhẹ, OPPO A55 4G vừa vặn trong tay người cầm, cho từng thao t&aacute;c trải nghiệm thoải m&aacute;i v&agrave; chắc chắn.</p>\r\n\r\n<p><a href=\"https://www.thegioididong.com/images/42/249944/oppo-a55-4g-2-1.jpg\" onclick=\"return false;\"><img alt=\"Thiết kế 3D sang chảnh - OPPO A55 4G\" src=\"https://cdn.tgdd.vn/Products/Images/42/249944/oppo-a55-4g-2-1.jpg\" title=\"Thiết kế 3D sang chảnh - OPPO A55 4G\" /></a></p>\r\n\r\n<p>Ở bản m&agrave;u Starry Black, mặt lưng sử dụng chất liệu nhựa nh&aacute;m với bề mặt cực mịn, cho cảm gi&aacute;c cầm nắm chắc tay v&agrave; hạn chế b&aacute;m v&acirc;n tay ho&agrave;n hảo. Bản m&agrave;u Rainbow Blue l&agrave; một sự s&aacute;ng tạo của OPPO với mặt lưng s&aacute;ng b&oacute;ng c&oacute; khả năng phản quang tốt tạo hiệu ứng m&agrave;u sắc cầu vồng lung linh, đẹp mắt tr&ecirc;n nền xanh trẻ trung.</p>\r\n\r\n<p><a href=\"https://www.thegioididong.com/images/42/249944/oppo-a55-4g-1-1.jpg\" onclick=\"return false;\"><img alt=\"2 màu thời trang - OPPO A55 4G\" src=\"https://cdn.tgdd.vn/Products/Images/42/249944/oppo-a55-4g-1-1.jpg\" title=\"2 màu thời trang - OPPO A55 4G\" /></a></p>\r\n\r\n<p>OPPO A55 4G c&oacute; m&agrave;n h&igrave;nh đục lỗ với cạnh viền si&ecirc;u mỏng, tỷ lệ m&agrave;n h&igrave;nh so với khung m&aacute;y 89.2%, tạo kh&ocirc;ng gian trải nghiệm đ&atilde; mắt cho từng nội dung xem.</p>\r\n\r\n<p><a href=\"https://www.thegioididong.com/images/42/249944/oppo-a55-4g-3-1.jpg\" onclick=\"return false;\"><img alt=\"Màn hình đục lỗ - OPPO A55 4G\" src=\"https://cdn.tgdd.vn/Products/Images/42/249944/oppo-a55-4g-3-1.jpg\" title=\"Màn hình đục lỗ - OPPO A55 4G\" /></a></p>\r\n\r\n<p>Phi&ecirc;n bản n&agrave;y được trang bị 2 t&iacute;nh năng mở kh&oacute;a bảo mật bao gồm&nbsp;<a href=\"https://www.thegioididong.com/dtdd-bao-mat-van-tay\" target=\"_blank\" title=\"Tham khảo các mẫu điện thoại có cảm biến bảo mật vân tay tại Thegioididong.com\">cảm biến v&acirc;n tay</a>&nbsp;ở cạnh viền v&agrave; mở kh&oacute;a khu&ocirc;n mặt, mang đến cho bạn nhiều sự lựa chọn để mở kho&aacute; c&ugrave;ng khả năng bảo vệ tốt th&ocirc;ng tin c&aacute; nh&acirc;n của bạn.</p>\r\n\r\n<p><a href=\"https://www.thegioididong.com/images/42/249944/oppo-a55-4g-4-1.jpg\" onclick=\"return false;\"><img alt=\"Cảm biến vân tay - OPPO A55 4G\" src=\"https://cdn.tgdd.vn/Products/Images/42/249944/oppo-a55-4g-4-1.jpg\" title=\"Cảm biến vân tay - OPPO A55 4G\" /></a></p>\r\n\r\n<h3>Camera quay chụp th&ocirc;ng minh</h3>\r\n\r\n<p>Cụm camera xếp dọc đặt nổi ở mặt sau th&ecirc;m điểm nhấn cho thiết kế điện thoại, bao gồm camera ch&iacute;nh cảm biến đến 50 MP,&nbsp;<a href=\"https://www.thegioididong.com/dtdd-camera-xoa-phong\" target=\"_blank\" title=\"Tham khảo điện thoại có camera xoá phông tại Thegioididong.com\">camera xo&aacute; ph&ocirc;ng</a>&nbsp;2 MP v&agrave;&nbsp;<a href=\"https://www.thegioididong.com/dtdd-camera-macro\" target=\"_blank\" title=\"Tham khảo giá điện thoại có camera macro chụp siêu cận tại Thegioididong.com\">camera macro</a>&nbsp;chụp cận 2 MP.</p>\r\n\r\n<p><a href=\"https://www.thegioididong.com/images/42/249944/oppo-a55-4g-21.jpg\" onclick=\"return false;\"><img alt=\"Cụm camera xịn sò - OPPO A55 4G\" src=\"https://cdn.tgdd.vn/Products/Images/42/249944/oppo-a55-4g-21.jpg\" title=\"Cụm camera xịn sò - OPPO A55 4G\" /></a></p>\r\n\r\n<p>Khả năng thu s&aacute;ng v&agrave; lấy n&eacute;t cực tốt từ camera ch&iacute;nh gi&uacute;p những bức ảnh mang tới độ tươi s&aacute;ng, ch&acirc;n thực v&agrave; sắc n&eacute;t cao. Ho&agrave;n hảo hơn cả khi OPPO A55 4G c&ograve;n hỗ trợ nhiều bộ lọc chụp đ&ecirc;m, giờ đ&acirc;y mỗi bức ảnh chụp đ&ecirc;m của bạn sẽ c&agrave;ng trở n&ecirc;n nổi bật hơn.</p>\r\n\r\n<p><a href=\"https://www.thegioididong.com/images/42/249944/oppo-a55-4g-20.jpg\" onclick=\"return false;\"><img alt=\"Ảnh chụp trên camera - OPPO A55 4G\" src=\"https://cdn.tgdd.vn/Products/Images/42/249944/oppo-a55-4g-20.jpg\" title=\"Ảnh chụp trên camera - OPPO A55 4G\" /></a></p>\r\n\r\n<div class=\"ddict_btn\" style=\"left:104.5px; top:32px\"><img src=\"chrome-extension://bpggmmljdiliancllaapiggllnkbjocb/logo/48.png\" /></div>', '4990000', 'oppo-a55-5g-27.jpg', 0, NULL, '2022-05-17 02:11:58'),
(17, 4, 8, 'Đồng hồ W6', 5, 0, '<p>123456</p>', '<p>đồng hồ th&ocirc;ng minh</p>', '360000', 'dongho12-18.jpg', 0, NULL, NULL),
(19, 4, 8, 'Đồng hồ thông minh', 15, 0, '<p>123124</p>', '<p>aaaavvvvv</p>', '5290000', 'dongho13-69.jpg', 0, NULL, NULL),
(20, 2, 12, 'Laptop Acer Nitro 5 Gaming', 15, 0, '<h3>Laptop&nbsp;Laptop Acer Nitro 5 Gaming</h3>', '<h3>Kiểu d&aacute;ng nổi bật, thu h&uacute;t mọi &aacute;nh nh&igrave;n</h3>\r\n\r\n<p><a href=\"https://www.thegioididong.com/laptop-acer-nitro\" target=\"_blank\" title=\"Một số laptop Acer Nitro đang kinh doanh tại thegioididong.com\">Laptop Acer Nitro</a>&nbsp;với t&iacute;nh bền bỉ vượt bậc khi được trang bị lớp vỏ nhựa chắc chắn c&ugrave;ng trọng lượng kh&ocirc;ng qu&aacute; nặng cho một chiếc laptop gaming&nbsp;<strong>2.2 kg&nbsp;</strong>v&agrave; d&agrave;y&nbsp;<strong>23.9 mm,&nbsp;</strong>sẵn s&agrave;ng c&ugrave;ng bạn đi đến bất kỳ đ&acirc;u, phục vụ tốt cho cả nhu cầu c&ocirc;ng việc hay giải tr&iacute;, cho ph&eacute;p bạn chiến game ở khắp mọi nơi trong cuộc h&agrave;nh tr&igrave;nh.</p>\r\n\r\n<p><a href=\"https://www.thegioididong.com/images/44/263980/acer-nitro-5-gaming-an515-45-r6ev-r5-nhqbmsv006-2.jpg\" onclick=\"return false;\"><img alt=\"Acer Nitro 5 Gaming AN515 45 R6EV R5 5600H (NH.QBMSV.006) - Thiết kế\" src=\"https://cdn.tgdd.vn/Products/Images/44/263980/acer-nitro-5-gaming-an515-45-r6ev-r5-nhqbmsv006-2.jpg\" title=\"Acer Nitro 5 Gaming AN515 45 R6EV R5 5600H (NH.QBMSV.006) - Thiết kế\" /></a></p>\r\n\r\n<p>B&agrave;n ph&iacute;m&nbsp;<strong>Fullsize</strong>&nbsp;được thiết kế&nbsp;<strong>đ&egrave;n nền chuyển m&agrave;u RGB</strong>&nbsp;của&nbsp;<a href=\"https://www.thegioididong.com/laptop-acer\" target=\"_blank\" title=\"Một số laptop Acer đang kinh doanh tại thegioididong.com\">laptop Acer</a>&nbsp;được thiết kế tinh tế nhưng vẫn t&ocirc;n l&ecirc;n n&eacute;t mạnh mẽ của một chiếc gaming mạnh mẽ, với c&aacute;c ph&iacute;m c&oacute; độ nảy tốt, cho bạn thoải m&aacute;i sử dụng cả trong điều kiện &aacute;nh s&aacute;ng k&eacute;m m&agrave; kh&ocirc;ng lo nhầm lẫn.</p>\r\n\r\n<p><a href=\"https://www.thegioididong.com/images/44/263980/acer-nitro-5-gaming-an515-45-r6ev-r5-nhqbmsv006-7.jpg\" onclick=\"return false;\"><img alt=\"Acer Nitro 5 Gaming AN515 45 R6EV R5 5600H (NH.QBMSV.006) - Bàn phím\" src=\"https://cdn.tgdd.vn/Products/Images/44/263980/acer-nitro-5-gaming-an515-45-r6ev-r5-nhqbmsv006-7.jpg\" title=\"Acer Nitro 5 Gaming AN515 45 R6EV R5 5600H (NH.QBMSV.006) - Bàn phím\" /></a></p>\r\n\r\n<p>Dọc hai b&ecirc;n&nbsp;<a href=\"https://www.thegioididong.com/laptop\" target=\"_blank\" title=\"Một số laptop đang kinh doanh tại thegioididong.com\">laptop</a>&nbsp;được trang bị c&aacute;c cổng giao tiếp th&ocirc;ng dụng hỗ trợ tốt cho nhu cầu truyền xuất dữ liệu hay chia sẻ th&ocirc;ng tin đến c&aacute;c thiết bị ngoại vi tương th&iacute;ch như 3 cổng USB 3.2, HDMI, Jack tai nghe 3.5 mm, LAN (RJ45) v&agrave; USB Type-C.</p>\r\n\r\n<p><a href=\"https://www.thegioididong.com/images/44/263980/acer-nitro-5-gaming-an515-45-r6ev-r5-nhqbmsv006-13.jpg\" onclick=\"return false;\"><img alt=\"Acer Nitro 5 Gaming AN515 45 R6EV R5 5600H (NH.QBMSV.006) - Cổng kết nối\" src=\"https://cdn.tgdd.vn/Products/Images/44/263980/acer-nitro-5-gaming-an515-45-r6ev-r5-nhqbmsv006-13.jpg\" title=\"Acer Nitro 5 Gaming AN515 45 R6EV R5 5600H (NH.QBMSV.006) - Cổng kết nối\" /></a></p>\r\n\r\n<p>C&aacute;c chuẩn kết nối kh&ocirc;ng d&acirc;y&nbsp;<strong>Bluetooth 5.0</strong>&nbsp;v&agrave;&nbsp;<strong>Wi-Fi 6 (802.11ax)&nbsp;</strong>cung cấp đường truyền ổn định trong suốt qu&aacute; tr&igrave;nh l&agrave;m việc hay giải tr&iacute; ở cả trong nh&agrave;, ngo&agrave;i trời, n&acirc;ng cao năng suất c&ocirc;ng việc của bạn.</p>\r\n\r\n<h3>Đ&aacute;nh bại mọi đối thủ trong mọi trận chiến</h3>\r\n\r\n<p>Thiết bị n&agrave;y được trang bị bộ vi xử l&yacute;&nbsp;<a href=\"https://www.thegioididong.com/laptop-cpu-amd\" target=\"_blank\" title=\"Một số laptop có CPU AMD đang kinh doanh tại thegioididong.com\">AMD</a>&nbsp;<strong>Ryzen 5 5600H</strong>&nbsp;với&nbsp;<strong>6 nh&acirc;n 12 luồng</strong>&nbsp;mang đến tốc độ cơ bản<strong>&nbsp;3.30 GHz</strong>&nbsp;v&agrave; đạt tối đa l&ecirc;n đến&nbsp;<strong>4.2 GHz&nbsp;</strong>nhờ&nbsp;<strong>Turbo Boost</strong>, c&ugrave;ng bộ nhớ đệm&nbsp;<strong>16 MB</strong>&nbsp;mang đến hiệu suất c&ocirc;ng việc bất ngờ khi hỗ trợ trong mọi c&ocirc;ng việc văn ph&ograve;ng từ cơ bản đến n&acirc;ng cao một c&aacute;ch ho&agrave;n mỹ với Word, Excel,... hay thậm ch&iacute; c&ograve;n xử l&yacute; c&aacute;c nhu cầu thiết kế đồ hoạ, thiết kế posters, banners,... ấn tượng.</p>\r\n\r\n<p>Đem đến cho bạn một phi&ecirc;n bản laptop đa nhiệm hơn khi sở hữu&nbsp;<a href=\"https://www.thegioididong.com/laptop-8-gb\" target=\"_blank\" title=\"Một số laptop sở hữu RAM 8 GB đang kinh doanh tại thegioididong.com\">RAM 8 GB</a>&nbsp;chuẩn&nbsp;<strong>DDR4 2 khe (1 khe 8 GB + 1 khe rời)</strong>&nbsp;sở hữu tốc độ Bus RAM&nbsp;<strong>3200&nbsp;MHz&nbsp;</strong>c&ugrave;ng khả năng n&acirc;ng cấp tối đa đến&nbsp;<strong>32 GB,</strong>&nbsp;hỗ trợ bạn tối ưu trong việc mở nhiều ứng dụng c&ugrave;ng l&uacute;c v&agrave; chuyển đổi qua lại một c&aacute;ch trơn tru, mang đến hiệu quả cho c&ocirc;ng việc tốt hơn.</p>\r\n\r\n<p><a href=\"https://www.thegioididong.com/images/44/263980/acer-nitro-5-gaming-an515-45-r6ev-r5-nhqbmsv006-4.jpg\" onclick=\"return false;\"><img alt=\"Acer Nitro 5 Gaming AN515 45 R6EV R5 5600H (NH.QBMSV.006) - Cấu hình\" src=\"https://cdn.tgdd.vn/Products/Images/44/263980/acer-nitro-5-gaming-an515-45-r6ev-r5-nhqbmsv006-4.jpg\" title=\"Acer Nitro 5 Gaming AN515 45 R6EV R5 5600H (NH.QBMSV.006) - Cấu hình\" /></a></p>\r\n\r\n<p>Kh&ocirc;ng những hỗ trợ bạn tối đa trong việc chiến những trận game&nbsp;LOL, Total War: Warhammer,...&nbsp;đầy kịch t&iacute;nh một c&aacute;ch mượt m&agrave; với h&igrave;nh ảnh chuẩn x&aacute;c,&nbsp;<a href=\"https://www.thegioididong.com/laptop-card-do-hoa-roi\" target=\"_blank\" title=\"Xem thêm laptop trang bị card đồ họa rời đang bán tại dienmayxanh.com\">card đồ họa rời</a>&nbsp;<strong>NVIDIA</strong>&nbsp;<a href=\"https://www.thegioididong.com/laptop-geforce-gtx\" target=\"_blank\" title=\"Một số laptop sở hữu card đồ họa GeForce GTX đang kinh doanh tại thegioididong.com\">GeForce GTX</a>&nbsp;<strong>1650 4 GB</strong>&nbsp;c&ograve;n cho ph&eacute;p đồ họa hiển thị một c&aacute;ch r&otilde; n&eacute;t c&ugrave;ng sắc m&agrave;u ch&acirc;n thật, hỗ trợ bạn l&agrave;m c&ocirc;ng việc s&aacute;ng tạo một c&aacute;ch hiệu quả hơn với c&aacute;c phần mềm thiết kế Lightroom, AI, Photoshop,...</p>\r\n\r\n<p><a href=\"https://www.thegioididong.com/images/44/263980/acer-nitro-5-gaming-an515-45-r6ev-r5-nhqbmsv006-5.jpg\" onclick=\"return false;\"><img alt=\"Acer Nitro 5 Gaming AN515 45 R6EV R5 5600H (NH.QBMSV.006) - Card đồ hoạ\" src=\"https://cdn.tgdd.vn/Products/Images/44/263980/acer-nitro-5-gaming-an515-45-r6ev-r5-nhqbmsv006-5.jpg\" title=\"Acer Nitro 5 Gaming AN515 45 R6EV R5 5600H (NH.QBMSV.006) - Card đồ hoạ\" /></a></p>\r\n\r\n<p>Ổ cứng&nbsp;<a href=\"https://www.thegioididong.com/laptop?g=ssd-512-gb\" target=\"_blank\" title=\"Một số laptop có ổ cứng SSD 512 GB đang kinh doanh tại thegioididong.com\">SSD 512 GB</a>&nbsp;<strong>NVMe PCle,&nbsp;</strong>c&ugrave;ng khả năng th&aacute;o ra v&agrave; lắp thanh kh&aacute;c tối đa<strong>&nbsp;1&nbsp;TB</strong><strong>,&nbsp;</strong>vừa cung cấp kh&ocirc;ng gian lưu trữ rộng lớn cho mọi loại dữ liệu y&ecirc;u th&iacute;ch, vừa hỗ trợ mở m&aacute;y hay vận h&agrave;nh c&aacute;c ứng dụng một c&aacute;ch nhanh ch&oacute;ng chỉ trong v&agrave;i gi&acirc;y.</p>\r\n\r\n<p>Tối ưu hơn khi thiết bị n&agrave;y c&ograve;n được trang bị th&ecirc;m khe cắm<strong>&nbsp;HDD SATA</strong>&nbsp;n&acirc;ng cấp tối đa<strong>&nbsp;2 TB</strong>&nbsp;v&agrave; khe cắm&nbsp;<strong>SSD M.2 PCIe</strong>&nbsp;mở rộng n&acirc;ng cấp tối đa&nbsp;<strong>1 TB</strong>, đ&aacute;p ứng tốt hơn cho mọi nhu cầu từ bạn, cho bạn thỏa th&iacute;ch tải mọi ứng dụng hay h&agrave;ng loạt tựa game thịnh h&agrave;nh.</p>\r\n\r\n<p><a href=\"https://www.thegioididong.com/images/44/263980/acer-nitro-5-gaming-an515-45-r6ev-r5-nhqbmsv006-6.jpg\" onclick=\"return false;\"><img alt=\"Acer Nitro 5 Gaming AN515 45 R6EV R5 5600H (NH.QBMSV.006) - SSD\" src=\"https://cdn.tgdd.vn/Products/Images/44/263980/acer-nitro-5-gaming-an515-45-r6ev-r5-nhqbmsv006-6.jpg\" title=\"Acer Nitro 5 Gaming AN515 45 R6EV R5 5600H (NH.QBMSV.006) - SSD\" /></a></p>', '19190000', 'acer-nitro-5-gaming-95.jpg', 0, NULL, NULL),
(21, 2, 7, 'Lenovo Gaming Legion 5', 10, 0, '<h3>Laptop&nbsp;Lenovo Gaming Legion 5</h3>', '<h3>Hiệu năng mạnh mẽ vượt trội c&acirc;n mọi t&aacute;c vụ&nbsp;</h3>\r\n\r\n<p>Đầu ti&ecirc;n l&agrave; đến với con game bắn s&uacute;ng quốc d&acirc;n&nbsp;<a href=\"https://www.thegioididong.com/game-app/tai-battlefield-1-game-hanh-dong-chien-tranh-the-gioi-252226\" target=\"_blank\" title=\"Xem thêm game battlefield 1\">Battlefield 1</a>, m&aacute;y vận h&agrave;nh mượt m&agrave; với trung b&igrave;nh&nbsp;<strong>75 FPS</strong>. Ở đ&acirc;y ch&uacute;ng ta sẽ thấy CPU&nbsp;<strong>Intel Core i7 11800H</strong>&nbsp;hiệu năng cao chỉ phải hoạt động tầm&nbsp;<strong>42%</strong>&nbsp;c&ocirc;ng suất, card m&agrave;n h&igrave;nh&nbsp;<strong>NVIDIA RTX 3050Ti</strong>&nbsp;cũng chỉ hơi mạnh hơn CPU một x&iacute;u với&nbsp;<strong>69%</strong>&nbsp;c&ocirc;ng suất.</p>\r\n\r\n<p><a href=\"https://www.thegioididong.com/images/44/272005/lenovo-gaming-legion-5-15ith6-i7-82jk00fnvn-3-1.jpg\" onclick=\"return false;\"><img alt=\"Lenovo Gaming Legion 5 15ITH6 i7 11800H (82JK00FNVN) - Bắn súng\" src=\"https://cdn.tgdd.vn/Products/Images/44/272005/lenovo-gaming-legion-5-15ith6-i7-82jk00fnvn-3-1.jpg\" title=\"Lenovo Gaming Legion 5 15ITH6 i7 11800H (82JK00FNVN) -  Bắn súng\" /></a></p>\r\n\r\n<p>Chuyển sang tựa game đua xe m&ocirc; phỏng&nbsp;<a href=\"https://www.thegioididong.com/game-app/forza-horizon-4-sieu-pham-dua-xe-toc-do-cao-cuc-dinh-250978\" target=\"_blank\" title=\"Link tải game Forza Horizon\">Forza Horizon</a>&nbsp;đ&atilde; mang đến cho m&igrave;nh từng khung h&igrave;nh sắc n&eacute;t, cảnh vật xung quanh trong thế giới game ch&acirc;n thật, chi tiết. Nếu bạn l&agrave; fan của tựa game thế giới mở, chiếc m&aacute;y sẽ l&agrave;m h&agrave;i l&ograve;ng bạn với trung b&igrave;nh&nbsp;<strong>90 FPS</strong>. Trong đ&oacute; c&ocirc;ng suất CPU chạy ở mức&nbsp;<strong>60%</strong>&nbsp;v&agrave; GPU l&agrave;&nbsp;<strong>96%</strong>. Ở tựa game n&agrave;y theo trải nghiệm bản th&acirc;n, m&aacute;y cũng kh&ocirc;ng qu&aacute; n&oacute;ng, nhiệt độ tản ra đều v&agrave; kh&ocirc;ng g&acirc;y kh&oacute; chịu. Đối với tựa game c&oacute; mức đồ hoạ cao hơn th&igrave; m&aacute;y vẫn cho ra một mức FPS ổn định v&agrave; trơn tru.</p>\r\n\r\n<p><a href=\"https://www.thegioididong.com/images/44/272005/lenovo-gaming-legion-5-15ith6-i7-82jk00fnvn-6-1.jpg\" onclick=\"return false;\"><img alt=\"Lenovo Gaming Legion 5 15ITH6 i7 11800H (82JK00FNVN) - đua xe\" src=\"https://cdn.tgdd.vn/Products/Images/44/272005/lenovo-gaming-legion-5-15ith6-i7-82jk00fnvn-6-1.jpg\" title=\"Lenovo Gaming Legion 5 15ITH6 i7 11800H (82JK00FNVN) - đua xe\" /></a></p>\r\n\r\n<h3>Thiết kế ấn định cho sự thay đổi ngoạn mục</h3>\r\n\r\n<p>Sự thay đổi so với c&aacute;c d&ograve;ng m&aacute;y tiền nhiệm c&oacute; vẻ ngo&agrave;i m&agrave;u x&aacute;m l&agrave; năm nay chiếc m&aacute;y đ&atilde; được kho&aacute;c l&ecirc;n bộ &aacute;o mới m&agrave;u xanh phantom trẻ trung năng động hơn. Thoạt đầu m&igrave;nh cảm nhận chiếc m&aacute;y c&oacute; những điểm tương đồng với những chiếc&nbsp;<a href=\"https://www.thegioididong.com/laptop?g=laptop-gaming\" target=\"_blank\" title=\"Xem thêm những mẫu Laptop gaming hiện đang kinh doanh tại thegioididong.com\">laptop gaming</a>&nbsp;h&agrave;ng đầu như&nbsp;<a href=\"https://www.thegioididong.com/laptop/dell-gaming-alienware-m15-r6-i7-70272633\" target=\"_blank\" title=\"Laptop Dell Gaming Alienware m15 R6 i7 (70272633)\">laptop Dell Alienware M15</a>,&nbsp;<a href=\"https://www.thegioididong.com/laptop/msi-gp76-11ug-i7-435vn\" target=\"_blank\" title=\"Laptop MSI Gaming Leopard GP76 11UG i7 (435VN)\">laptop MSI GP76 Leopard</a>. Tuy bằng vỏ nhựa nhưng chiếc m&aacute;y vẫn rất cứng c&aacute;p, bền bỉ v&agrave; kh&ocirc;ng ọp ẹp, đem đến cho người d&ugrave;ng một diện mạo đậm chất gaming m&agrave; bất kể ai nh&igrave;n v&agrave;o cũng phải ấn tượng.</p>\r\n\r\n<p><a href=\"https://www.thegioididong.com/images/44/272005/lenovo-gaming-legion-5-15ith6-i7-82jk00fnvn-11-1.jpg\" onclick=\"return false;\"><img alt=\"Lenovo Gaming Legion 5 15ITH6 i7 11800H (82JK00FNVN) - thiết kế\" src=\"https://cdn.tgdd.vn/Products/Images/44/272005/lenovo-gaming-legion-5-15ith6-i7-82jk00fnvn-11-1.jpg\" title=\"Lenovo Gaming Legion 5 15ITH6 i7 11800H (82JK00FNVN) - thiết kế\" /></a></p>\r\n\r\n<p>M&aacute;y c&oacute; trọng lượng&nbsp;<strong>2.4 kg</strong>&nbsp;v&agrave; d&agrave;y&nbsp;<strong>25.75 mm</strong>&nbsp;n&ecirc;n sẽ hơi kh&oacute; cầm bằng một tay, nhưng bạn vẫn c&oacute; thể&nbsp;cất v&agrave;o balo v&agrave; mang theo b&ecirc;n người nh&eacute;!&nbsp;<a href=\"https://www.thegioididong.com/laptop\" target=\"_blank\" title=\"Xem thêm các mẫu Laptop hiện đang kinh doanh tại thegioididong.com\">Laptop</a>&nbsp;được thiết kế với c&aacute;c hốc tản nhiệt 4 v&ugrave;ng, đ&acirc;y cũng l&agrave; ti&ecirc;u ch&iacute; h&agrave;ng đầu khi chơi game, theo trải nghiệm c&aacute; nh&acirc;n của m&igrave;nh th&igrave; hệ thống tản nhiệt đ&atilde; ph&aacute;t huy rất tốt l&uacute;c m&igrave;nh chơi game, l&agrave;m việc cả ng&agrave;y d&agrave;i khi m&aacute;y kh&ocirc;ng bị qu&aacute; n&oacute;ng, kh&ocirc;ng g&acirc;y kh&oacute; chịu ở khu vực b&agrave;n ph&iacute;m.</p>\r\n\r\n<p><a href=\"https://www.thegioididong.com/images/44/272005/lenovo-gaming-legion-5-15ith6-i7-82jk00fnvn-10-1.jpg\" onclick=\"return false;\"><img alt=\"Lenovo Gaming Legion 5 15ITH6 i7 11800H (82JK00FNVN) - thiết kế 1\" src=\"https://cdn.tgdd.vn/Products/Images/44/272005/lenovo-gaming-legion-5-15ith6-i7-82jk00fnvn-10-1.jpg\" title=\"Lenovo Gaming Legion 5 15ITH6 i7 11800H (82JK00FNVN) - thiết kế 1\" /></a></p>\r\n\r\n<p>B&agrave;n ph&iacute;m của chiếc m&aacute;y đến từ nh&agrave; Lenovo chưa bao giờ l&agrave;m m&igrave;nh thất vọng thế n&ecirc;n&nbsp;<a href=\"https://www.thegioididong.com/laptop-lenovo-gaming-legion\" target=\"_blank\" title=\"Xem thêm các mẫu Laptop Lenovo Gaming Legion hiện đang kinh doanh tại thegioididong.com\">laptop Lenovo Gaming Legion</a>&nbsp;cũng kh&ocirc;ng ngoại lệ. B&agrave;n ph&iacute;m được thiết kế fullsize, bố cục c&aacute;c ph&iacute;m dễ thuộc vị tr&iacute;, ph&iacute;m bấm hơi cong l&ecirc;n tạo độ nảy cao, bấm ch&iacute;nh x&aacute;c, th&uacute; vị, kh&ocirc;ng mỏi tay, h&agrave;nh tr&igrave;nh ph&iacute;m s&acirc;u. B&agrave;n ph&iacute;m t&iacute;ch hợp&nbsp;<strong>đ&egrave;n chuyển m&agrave;u</strong>&nbsp;<strong>RGB</strong>&nbsp;cho ph&eacute;p bạn tuỳ chỉnh theo sở th&iacute;ch, tăng độ phấn kh&iacute;ch mỗi khi chơi game.</p>', '39990000', 'lenovo-gaming-legion-95.jpg', 0, NULL, NULL),
(22, 2, 12, 'Asus Gaming ROG Flow', 20, 0, '<p>Laptop&nbsp;Asus Gaming ROG Flow</p>', '<h3>Sở hữu sức mạnh hiệu năng đột ph&aacute; của d&ograve;ng&nbsp;<a href=\"https://www.thegioididong.com/laptop-cpu-intel-gen-12\" target=\"_blank\" title=\"Các sản phẩm laptop sở hữu chip thế hệ 12 hiện đang bán tại thegioididong.com\">laptop CPU thế hệ 12</a>&nbsp;v&agrave; card m&agrave;n h&igrave;nh rời NVIDIA c&ugrave;ng thiết kế l&agrave; sự cộng hưởng của chiếc m&aacute;y t&iacute;nh bảng v&agrave; chiếc laptop gaming,&nbsp;<a href=\"https://www.thegioididong.com/laptop/asus-gaming-rog-flow-z13-gz301z-i7-ld110w\" target=\"_blank\" title=\"Xem thêm laptop Asus Gaming ROG Flow Z13 GZ301Z (LD110W) đang bán tại thegioididong.com\">laptop Asus Gaming ROG Flow Z13 GZ301Z (LD110W)</a>&nbsp;sẵn s&agrave;ng chinh phục mọi đấu trường ảo c&ugrave;ng bạn.</h3>\r\n\r\n<p>&bull; Mang trong m&igrave;nh&nbsp;<strong>CPU Intel Core i7 Alder Lake</strong>&nbsp;c&oacute; sức mạnh vượt trội kết hợp c&ugrave;ng card m&agrave;n h&igrave;nh rời<strong>&nbsp;NVIDIA RTX 3050 4 GB</strong>&nbsp;giải quyết mọi kh&oacute; khăn trong thiết kế đồ hoạ Adobe cũng như chơi tốt c&aacute;c tựa game đ&igrave;nh đ&aacute;m: GTA V, CS:GO, Cyberpunk 2077,...</p>\r\n\r\n<p>&bull;&nbsp;<a href=\"https://www.thegioididong.com/laptop-asus\" target=\"_blank\" title=\"Xem thêm laptop Asus đang bán tại thegioididong.com\">Laptop Asus</a>&nbsp;sở hữu&nbsp;<strong>RAM 16 GB</strong>&nbsp;đem lại trải nghiệm đa nhiệm mượt m&agrave; c&aacute;c t&aacute;c vụ kể cả đồng thời chiến game v&agrave; nghe nhạc nhưng kh&ocirc;ng gặp phải t&igrave;nh trạng giật lag.&nbsp;<strong>SSD 512 GB</strong>&nbsp;cho tốc độ truy xuất dữ liệu, khởi động m&aacute;y t&iacute;nh cực nhanh ch&oacute;ng.&nbsp;</p>\r\n\r\n<p>&bull; M&agrave;n h&igrave;nh&nbsp;<strong>13.4 inch</strong>&nbsp;<strong>cảm ứng&nbsp;</strong>c&oacute; độ ph&acirc;n giải l&agrave;<strong>&nbsp;WUXGA (1920 x 1200)</strong>, tần số qu&eacute;t&nbsp;<strong>120 Hz&nbsp;</strong>ổn định trong từng khung h&igrave;nh, độ s&aacute;ng&nbsp;<strong>500 nits</strong>&nbsp;cho m&agrave;u sắc tươi s&aacute;ng, độ tương phản cao. C&ocirc;ng nghệ&nbsp;<strong>100% sRGB</strong>&nbsp;cho m&agrave;u sắc ch&iacute;nh x&aacute;c, tấm nền&nbsp;<strong>IPS&nbsp;</strong>cho g&oacute;c nh&igrave;n người d&ugrave;ng l&ecirc;n đến&nbsp;<strong>178 độ</strong>&nbsp;đem đến kh&ocirc;ng gian chiến game phấn kh&iacute;ch hơn bao giờ hết.</p>\r\n\r\n<p>&bull;&nbsp;<a href=\"https://www.thegioididong.com/laptop-asus-rog\" target=\"_blank\" title=\"Xem thêm laptop Asus ROG đang bán tại thegioididong.com\">Laptop Asus ROG</a>&nbsp;mang một thiết kế sang trọng, đẳng cấp nhưng vẫn giữ được chất gaming ri&ecirc;ng biệt. Chiếc m&aacute;y được ho&agrave;n thiện từ lớp<strong>&nbsp;vỏ nhựa</strong>, mặt lưng bằng&nbsp;<strong>vỏ kim loại</strong>&nbsp;n&ecirc;n trọng lượng chỉ&nbsp;<strong>1.18 kg</strong>, độ mỏng&nbsp;<strong>12 mm</strong>&nbsp;thuận lợi cho người d&ugrave;ng mang theo b&ecirc;n m&igrave;nh mọi l&uacute;c.&nbsp;</p>\r\n\r\n<p>&bull;&nbsp;<strong>Đ&egrave;n nền b&agrave;n ph&iacute;m RGB&nbsp;</strong>chuyển m&agrave;u cho ph&eacute;p người d&ugrave;ng c&aacute; nh&acirc;n ho&aacute; kh&ocirc;ng gian giải tr&iacute; của ch&iacute;nh m&igrave;nh.&nbsp;<strong>Bảo mật v&acirc;n tay</strong>&nbsp;một chạm gi&uacute;p đăng nhập&nbsp;<a href=\"https://www.thegioididong.com/laptop\" target=\"_blank\" title=\"Xem thêm laptop đang bán tại thegioididong.com\">laptop</a>&nbsp;nhanh hơn.&nbsp;</p>\r\n\r\n<p>&bull; Đa dạng cổng giao tiếp sẵn s&agrave;ng kết nối với c&aacute;c thiết bị ngoại vi như&nbsp;ROG XG Mobile Interface,&nbsp;USB 3.2 Gen 2 Type-C, Thunderbolt 4 USB-C,&nbsp;USB 2.0, khe đọc thẻ Micro SD.</p>\r\n\r\n<p>&bull; Trải nghiệm kh&ocirc;ng gian thư gi&atilde;n, đắm ch&igrave;m nhờ hệ thống &acirc;m thanh&nbsp;<strong>Smart AMP</strong>&nbsp;khuếch đại &acirc;m thanh gi&uacute;p t&aacute;i tạo chất &acirc;m r&otilde; n&eacute;t nhất c&ugrave;ng c&ocirc;ng nghệ &acirc;m v&ograve;m&nbsp;<strong>Dolby Atmos</strong>, đạt chuẩn<strong>&nbsp;Hi-Res tr&ecirc;n chiếc&nbsp;</strong><a href=\"https://www.thegioididong.com/laptop?g=laptop-gaming\" target=\"_blank\" title=\"Xem thêm laptop gaming đang bán tại thegioididong.com\">laptop gaming</a>.</p>', '49990000', 'asus-gaming-rog-flow-z13-31.jpg', 0, NULL, NULL),
(23, 2, 11, 'HP Gaming Victus', 5, 0, '<h3>Laptop&nbsp;HP Gaming Victus</h3>', '<p>&bull; CPU&nbsp;<strong>Intel Core i7 Tiger Lake 11800H</strong>&nbsp;vận h&agrave;nh trơn tru nhu cầu học tập, văn ph&ograve;ng. Card rời&nbsp;<strong>NVIDIA GeForce RTX3050Ti, 4 GB</strong>&nbsp;xử l&yacute; ổn định c&aacute;c t&aacute;c vụ đồ hoạ, bi&ecirc;n tập video, chiến c&aacute;c tựa game hấp dẫn.</p>\r\n\r\n<p>&bull; Kh&ocirc;ng gian hiển thị rộng lớn với g&oacute;c nh&igrave;n rộng l&ecirc;n đến<strong>&nbsp;178 độ&nbsp;</strong>tr&ecirc;n<strong>&nbsp;</strong><a href=\"https://www.thegioididong.com/laptop-hp-compaq-victus\" target=\"_blank\" title=\"Xem thêm laptop HP Victus đang bán tại thegioididong.com\">laptop<strong>&nbsp;</strong>HP VICTUS</a>&nbsp;nhờ k&iacute;ch thước&nbsp;<strong>m&agrave;n h&igrave;nh 16.1 inch</strong>&nbsp;c&ugrave;ng<strong>&nbsp;tấm nền IPS&nbsp;</strong>ti&ecirc;n tiến. Độ s&aacute;ng&nbsp;<strong>250 nits&nbsp;</strong>v&agrave; c&ocirc;ng nghệ&nbsp;<strong>Anti Glare</strong>&nbsp;hạn chế chống ch&oacute;i, lo&aacute; ở nơi c&oacute; &aacute;nh s&aacute;ng mạnh.</p>\r\n\r\n<p>&bull; Tần số qu&eacute;t&nbsp;<strong>144 Hz&nbsp;</strong>gi&uacute;p&nbsp;h&igrave;nh ảnh<strong>&nbsp;</strong>chuyển động v&ocirc; c&ugrave;ng ch&acirc;n thực, hạn chế mờ h&igrave;nh hay x&eacute; h&igrave;nh.&nbsp;</p>\r\n\r\n<p>&bull;&nbsp;<a href=\"https://www.thegioididong.com/laptop\" target=\"_blank\" title=\"Xem thêm laptop đang bán tại thegioididong.com\">Laptop</a>&nbsp;c&oacute; lớp&nbsp;<strong>vỏ nhựa</strong>&nbsp;cứng c&aacute;p với gam m&agrave;u đen nh&aacute;m sang trọng. Trọng lượng&nbsp;<strong>2.46 kg</strong>&nbsp;vẫn c&oacute; thể chấp nhận được so với d&ograve;ng&nbsp;<a href=\"https://www.thegioididong.com/laptop?g=laptop-gaming\" target=\"_blank\" title=\"Xem thêm các mẫu Laptop Gaming hiện đang kinh doanh tại thegioididong.com\">laptop gaming</a>, lu&ocirc;n sẵn s&agrave;ng đồng h&agrave;nh c&ugrave;ng bạn đến bất cứ nơi đ&acirc;u.&nbsp;</p>\r\n\r\n<p>&bull;&nbsp;<a href=\"https://www.thegioididong.com/laptop-hp-compaq\" target=\"_blank\" title=\"Xem thêm các mẫu Laptop HP hiện đang kinh doanh tại thegioididong.com\">Laptop HP</a>&nbsp;được trang bị&nbsp;<strong>đ&egrave;n nền đơn sắc</strong>&nbsp;nổi bật hỗ trợ sử dụng trong m&ocirc;i trường thiếu s&aacute;ng.</p>\r\n\r\n<p>&bull; Đa nhiệm mượt m&agrave; nhờ bộ nhớ&nbsp;<a href=\"https://www.thegioididong.com/laptop-8-gb\" target=\"_blank\" title=\"Xem thêm các mẫu Laptop RAM 8 GB hiện đang kinh doanh tại thegioididong.com\">RAM 8 GB</a>. Ổ<strong>&nbsp;</strong>cứng<strong>&nbsp;512 GB SSD</strong><strong>&nbsp;</strong>cung cấp kh&ocirc;ng gian lưu trữ đủ d&ugrave;ng.</p>\r\n\r\n<p>&bull; C&ocirc;ng nghệ&nbsp;<strong>Bang &amp; Olufsen audio</strong>&nbsp;với &acirc;m bass bền chắc, to r&otilde; cho bạn&nbsp;trọn vẹn khoảnh khắc thư gi&atilde;n.&nbsp;&nbsp;</p>\r\n\r\n<p>&bull; Trang bị đa dạng c&aacute;c cổng kết nối như SuperSpeed USB Type-C, 3 x SuperSpeed USB A, HDMI v&agrave; LAN (RJ45).</p>', '30940000', 'hp-gaming-victus-22.jpg', 0, NULL, NULL);
INSERT INTO `tbl_product` (`product_id`, `category_id`, `brand_id`, `product_name`, `product_quantity`, `product_sold`, `product_desc`, `product_content`, `product_price`, `product_img`, `product_status`, `created_at`, `updated_at`) VALUES
(24, 2, 12, 'Asus TUF Gaming FX506LH', 10, 0, '<h3>LapTop&nbsp;Asus TUF Gaming FX506LH</h3>', '<h3>Với cấu h&igrave;nh khoẻ từ card rời NVIDIA GeForce GTX c&ugrave;ng một thiết kế ấn tượng,<a href=\"https://www.thegioididong.com/laptop/asus-tuf-gaming-fx506lh-i5-hn188w\" target=\"_blank\" title=\"Laptop Asus TUF Gaming FX506LH i5 (HN188W)  hiện đang kinh doanh tại thegioididong.com\">&nbsp;laptop Asus TUF Gaming FX506LH i5 (HN188W)</a>&nbsp;sẽ mang đến nhiều trải nghiệm th&uacute; vị cho c&aacute;c game thủ.</h3>\r\n\r\n<p>&bull;&nbsp;Sở hữu chip Intel&nbsp;<strong>Core i5 Comet Lake 10300H</strong>&nbsp;v&agrave; card&nbsp;<a href=\"https://www.thegioididong.com/laptop-geforce-gtx\" target=\"_blank\" title=\"Các sản phẩm laptop sở hữu GeForce GTX hiện đang bán tại thegioididong.com\">GeForce GTX</a>&nbsp;<strong>1650 4 GB</strong>&nbsp;từ nh&agrave; NVIDIA xử l&yacute; ho&agrave;n hảo mọi nhu cầu từ văn ph&ograve;ng đến đồ họa nặng hay thậm ch&iacute; hỗ trợ bạn chiến c&aacute;c tựa game hấp dẫn: CS:GO, Fifa Online 4, GTA V,...</p>\r\n\r\n<p>&bull;&nbsp;C&ugrave;ng&nbsp;<strong>RAM 8 GB</strong>&nbsp;v&agrave;&nbsp;<a href=\"https://www.thegioididong.com/laptop?g=ssd-512-gb\" target=\"_blank\" title=\"Các sản phẩm laptop sở hữu SSD 512 GB hiện đang bán tại thegioididong.com\">SSD 512 GB</a>&nbsp;n&acirc;ng cao tốc độ phản hồi, hạn chế t&igrave;nh trạng giật hay lag m&aacute;y khi bạn mở nhiều ứng dụng c&ugrave;ng l&uacute;c hay chuyển đổi qua lại, tối ưu hiệu suất cho&nbsp;<a href=\"https://www.thegioididong.com/laptop\" target=\"_blank\" title=\"Các sản phẩm laptop hiện đang bán tại thegioididong.com\">laptop</a>.</p>\r\n\r\n<p>&bull;&nbsp;C&aacute;c chuyển động diễn ra trơn tru, nắm bắt mọi khoảnh khắc trong game, giảm độ trễ nhờ tần số qu&eacute;t&nbsp;<a href=\"https://www.thegioididong.com/laptop-144-hz\" target=\"_blank\" title=\"Các sản phẩm laptop sở hữu màn hình 144 Hz hiện đang bán tại thegioididong.com\">m&agrave;n h&igrave;nh 144 Hz</a>.</p>\r\n\r\n<p>&bull;&nbsp;Độ s&aacute;ng&nbsp;<strong>250 nits</strong>, chống ch&oacute;i&nbsp;<strong>Anti Glare</strong>&nbsp;v&agrave; tấm nền&nbsp;<strong>IPS</strong>&nbsp;được trang bị tr&ecirc;n&nbsp;<a href=\"https://www.thegioididong.com/laptop-15-6-inch\" target=\"_blank\" title=\"Các sản phẩm laptop sở hữu màn hình 15.6 inch hiện đang bán tại thegioididong.com\">m&agrave;n h&igrave;nh 15.6 inch</a>&nbsp;hạn chế hiện b&oacute;ng gương khi cường độ &aacute;nh s&aacute;ng cao, cho hiển thị r&otilde; n&eacute;t ở những chỗ điều kiện &aacute;nh s&aacute;ng k&eacute;m, g&oacute;c nh&igrave;n được mở rộng, trải nghiệm h&igrave;nh ảnh sắc n&eacute;t, ch&acirc;n thật.</p>\r\n\r\n<p>&bull;&nbsp;<a href=\"https://www.thegioididong.com/laptop-asus-tuf-gaming\" target=\"_blank\" title=\"Các sản phẩm laptop Asus TUF hiện đang bán tại thegioididong.com\">Laptop Asus TUF</a>&nbsp;mang một ngoại h&igrave;nh mạnh mẽ với c&aacute;c đường n&eacute;t tinh tế, g&oacute;c cạnh c&ugrave;ng trọng lượng&nbsp;<strong>2.3 kg</strong>, d&agrave;y&nbsp;<strong>24.9 mm</strong>, tạo n&ecirc;n chiếc&nbsp;<a href=\"https://www.thegioididong.com/laptop?g=laptop-gaming\" target=\"_blank\" title=\"Các sản phẩm laptop gaming hiện đang bán tại thegioididong.com\">laptop gaming</a>&nbsp;cực c&aacute; t&iacute;nh, sẵn s&agrave;ng đồng h&agrave;nh c&ugrave;ng bạn.</p>\r\n\r\n<p>&bull;&nbsp;<strong>Đ&egrave;n nền chuyển m&agrave;u RGB</strong>&nbsp;cũng được c&agrave;i đặt tr&ecirc;n<a href=\"https://www.thegioididong.com/laptop-asus\" target=\"_blank\" title=\"Các sản phẩm laptop Asus hiện đang bán tại thegioididong.com\">&nbsp;laptop Asus</a>&nbsp;kh&ocirc;ng chỉ t&ocirc; điểm cho kh&ocirc;ng gian chiến game của bạn m&agrave; c&ograve;n hỗ trợ bạn g&otilde; ph&iacute;m ch&iacute;nh x&aacute;c trong những nơi thiếu s&aacute;ng.</p>\r\n\r\n<p>&bull;&nbsp;Đ&aacute;p ứng đa dạng cổng kết nối như: USB 3.2 Gen 2 Type-C, 2 cổng USB 3.2, HDMI, LAN (RJ45), USB 2.0 phục vụ nhu cầu truyền tải dữ liệu nhanh ch&oacute;ng.</p>', '18490000', 'asus-tuf-gaming-fx506lh-4.jpg', 1, NULL, NULL),
(25, 3, 3, 'Bàn phím Bluetooth dareu', 15, 0, '<p>B&agrave;n ph&iacute;m cơ Bluetooth dareu</p>', '<h3>DareU EK868 - Mẫu&nbsp;<a href=\"https://www.thegioididong.com/ban-phim-khong-day\" target=\"_blank\" title=\"Tham khảo bàn phím bluetooth kinh doanh tại Thế Giới Di Động\">b&agrave;n ph&iacute;m bluetooth</a>&nbsp;của h&atilde;ng&nbsp;<a href=\"https://www.thegioididong.com/ban-phim-dareu\" target=\"_blank\" title=\"Tham khảo bàn phím DareU tại Thế Giới Di Động\">DareU</a>, sở hữu thiết kế cứng c&aacute;p, m&agrave;u sắc trẻ trung c&ugrave;ng keycap thiết kế theo kiểu&nbsp;<a href=\"https://www.thegioididong.com/game-app/ban-phim-low-profile-la-gi-nhung-dieu-can-biet-ve-ban-phim-1410376\" target=\"_blank\" title=\"Low-Profile là gì?\">low-profile</a>&nbsp;độc đ&aacute;o. L&agrave; kiểu r&uacute;t gọn 68 ph&iacute;m, sử dụng Blue switch mang lại cảm gi&aacute;c g&otilde; nhẹ nh&agrave;ng v&agrave; &acirc;m thanh cực kỳ bắt tai. C&ugrave;ng m&igrave;nh t&igrave;m hiểu c&aacute;ch sử dụng b&agrave;n ph&iacute;m n&agrave;y nh&eacute;!</h3>\r\n\r\n<h3>Hướng dẫn kết nối c&oacute; d&acirc;y</h3>\r\n\r\n<p><strong>Bước 1</strong>: Ở cạnh tr&ecirc;n của b&agrave;n ph&iacute;m, bạn chuyển thanh gạt vật l&yacute; đầu ti&ecirc;n về hệ điều h&agrave;nh Mac/Windows cho ph&ugrave; hợp với m&aacute;y t&iacute;nh bạn đang sử dụng.</p>\r\n\r\n<p><strong>Bước 2</strong>: Chuyển thanh gạt b&ecirc;n cạnh về chế độ A (chế độ A d&agrave;nh cho kết nối c&oacute; d&acirc;y).</p>\r\n\r\n<p><strong>Bước 3</strong>: Kết nối b&agrave;n ph&iacute;m với m&aacute;y t&iacute;nh qua d&acirc;y c&aacute;p USB Type-C.</p>\r\n\r\n<p><a href=\"https://cdn.tgdd.vn/Products/Images/4547/273016/bluetooth-dareu-ek868-250422-121658.jpg\" onclick=\"return false;\"><img alt=\"Các phím cứng trên bàn phím - Bàn Phím Bluetooth DareU EK868\" src=\"https://cdn.tgdd.vn/Products/Images/4547/273016/bluetooth-dareu-ek868-250422-121658.jpg\" title=\"Các phím cứng trên bàn phím - Bàn Phím Bluetooth DareU EK868\" /></a></p>\r\n\r\n<h3>Hướng dẫn kết nối qua bluetooth</h3>\r\n\r\n<p>B&agrave;n ph&iacute;m EK868 hỗ trợ kết nối tr&ecirc;n c&aacute;c hệ điều h&agrave;nh kh&aacute;c nhau như: MacOS, Windows, iOS, Android, bạn c&oacute; thể chuyển đổi giữa c&aacute;c thiết bị bằng c&aacute;ch thao t&aacute;c tr&ecirc;n thanh gạt vật l&yacute; cạnh tr&ecirc;n b&agrave;n ph&iacute;m, sau đ&oacute; tiến h&agrave;nh kết nối như sau:</p>\r\n\r\n<p>*Ở b&agrave;i viết n&agrave;y hướng dẫn kết nối tr&ecirc;n hệ điều h&agrave;nh Windows.</p>\r\n\r\n<p><strong>Bước 1</strong>: Tr&ecirc;n b&agrave;n ph&iacute;m bạn chuyển thanh gạt vật l&yacute; l&ecirc;n nấc số 1 hoặc 2 hoặc 3 (nấc 1, 2, 3 d&agrave;nh cho kết nối kh&ocirc;ng d&acirc;y, mỗi nấc c&oacute; thể kết nối với 1 thiết bị).</p>\r\n\r\n<p><strong>Bước 2</strong>: Nhấn giữ tổ hợp ph&iacute;m &ldquo;<strong>Fn + Q</strong>&rdquo; 3 gi&acirc;y để reset kết nối cho đến khi g&oacute;c đ&egrave;n nhấp nh&aacute;y m&agrave;u t&iacute;m.</p>\r\n\r\n<p><a href=\"https://cdn.tgdd.vn/Products/Images/4547/273016/bluetooth-dareu-ek868-250422-121655.jpg\" onclick=\"return false;\"><img alt=\"Đèn LED báo hiệu tình trạng kết nối - Bàn Phím Bluetooth DareU EK868\" src=\"https://cdn.tgdd.vn/Products/Images/4547/273016/bluetooth-dareu-ek868-250422-121655.jpg\" title=\"Đèn LED báo hiệu tình trạng kết nối - Bàn Phím Bluetooth DareU EK868\" /></a></p>\r\n\r\n<p><strong>Bước 3:</strong>&nbsp;Tr&ecirc;n&nbsp;<a href=\"https://www.thegioididong.com/laptop\" target=\"_blank\" title=\"Tham khảo máy tính kinh doanh tại Thế Giới Di Động\">m&aacute;y t&iacute;nh</a>, bạn mở c&agrave;i đặt bluetooth, chọn th&ecirc;m thiết bị (1) v&agrave; t&igrave;m thiết bị muốn kết nối t&igrave;m t&ecirc;n &ldquo;EK868 BT Keyboard&rdquo; v&agrave; chọn kết nối.</p>\r\n\r\n<p><a href=\"https://cdn.tgdd.vn/Products/Images/4547/273016/bluetooth-dareu-ek868-250422-122723.jpg\" onclick=\"return false;\"><img alt=\"Hướng dẫn kết nối máy tính - Bàn Phím Bluetooth DareU EK868\" src=\"https://cdn.tgdd.vn/Products/Images/4547/273016/bluetooth-dareu-ek868-250422-122723.jpg\" title=\"Hướng dẫn kết nối máy tính - Bàn Phím Bluetooth DareU EK868\" /></a></p>', '1160000', 'bluetooth-dareu-54.jpg', 0, NULL, NULL),
(26, 3, 12, 'Bàn phím có dây dareu', 10, 0, '<p>B&agrave;n ph&iacute;m c&oacute; d&acirc;y dareu</p>', '<h3>DareU EK868 - Mẫu&nbsp;<a href=\"https://www.thegioididong.com/ban-phim-khong-day\" target=\"_blank\" title=\"Tham khảo bàn phím bluetooth kinh doanh tại Thế Giới Di Động\">b&agrave;n ph&iacute;m bluetooth</a>&nbsp;của h&atilde;ng&nbsp;<a href=\"https://www.thegioididong.com/ban-phim-dareu\" target=\"_blank\" title=\"Tham khảo bàn phím DareU tại Thế Giới Di Động\">DareU</a>, sở hữu thiết kế cứng c&aacute;p, m&agrave;u sắc trẻ trung c&ugrave;ng keycap thiết kế theo kiểu&nbsp;<a href=\"https://www.thegioididong.com/game-app/ban-phim-low-profile-la-gi-nhung-dieu-can-biet-ve-ban-phim-1410376\" target=\"_blank\" title=\"Low-Profile là gì?\">low-profile</a>&nbsp;độc đ&aacute;o. L&agrave; kiểu r&uacute;t gọn 68 ph&iacute;m, sử dụng Blue switch mang lại cảm gi&aacute;c g&otilde; nhẹ nh&agrave;ng v&agrave; &acirc;m thanh cực kỳ bắt tai. C&ugrave;ng m&igrave;nh t&igrave;m hiểu c&aacute;ch sử dụng b&agrave;n ph&iacute;m n&agrave;y nh&eacute;!</h3>\r\n\r\n<h3>Hướng dẫn kết nối c&oacute; d&acirc;y</h3>\r\n\r\n<p><strong>Bước 1</strong>: Ở cạnh tr&ecirc;n của b&agrave;n ph&iacute;m, bạn chuyển thanh gạt vật l&yacute; đầu ti&ecirc;n về hệ điều h&agrave;nh Mac/Windows cho ph&ugrave; hợp với m&aacute;y t&iacute;nh bạn đang sử dụng.</p>\r\n\r\n<p><strong>Bước 2</strong>: Chuyển thanh gạt b&ecirc;n cạnh về chế độ A (chế độ A d&agrave;nh cho kết nối c&oacute; d&acirc;y).</p>\r\n\r\n<p><strong>Bước 3</strong>: Kết nối b&agrave;n ph&iacute;m với m&aacute;y t&iacute;nh qua d&acirc;y c&aacute;p USB Type-C.</p>\r\n\r\n<p><a href=\"https://cdn.tgdd.vn/Products/Images/4547/273016/bluetooth-dareu-ek868-250422-121658.jpg\" onclick=\"return false;\"><img alt=\"Các phím cứng trên bàn phím - Bàn Phím Bluetooth DareU EK868\" src=\"https://cdn.tgdd.vn/Products/Images/4547/273016/bluetooth-dareu-ek868-250422-121658.jpg\" title=\"Các phím cứng trên bàn phím - Bàn Phím Bluetooth DareU EK868\" /></a></p>\r\n\r\n<h3>Hướng dẫn kết nối qua bluetooth</h3>\r\n\r\n<p>B&agrave;n ph&iacute;m EK868 hỗ trợ kết nối tr&ecirc;n c&aacute;c hệ điều h&agrave;nh kh&aacute;c nhau như: MacOS, Windows, iOS, Android, bạn c&oacute; thể chuyển đổi giữa c&aacute;c thiết bị bằng c&aacute;ch thao t&aacute;c tr&ecirc;n thanh gạt vật l&yacute; cạnh tr&ecirc;n b&agrave;n ph&iacute;m, sau đ&oacute; tiến h&agrave;nh kết nối như sau:</p>\r\n\r\n<p>*Ở b&agrave;i viết n&agrave;y hướng dẫn kết nối tr&ecirc;n hệ điều h&agrave;nh Windows.</p>\r\n\r\n<p><strong>Bước 1</strong>: Tr&ecirc;n b&agrave;n ph&iacute;m bạn chuyển thanh gạt vật l&yacute; l&ecirc;n nấc số 1 hoặc 2 hoặc 3 (nấc 1, 2, 3 d&agrave;nh cho kết nối kh&ocirc;ng d&acirc;y, mỗi nấc c&oacute; thể kết nối với 1 thiết bị).</p>\r\n\r\n<p><strong>Bước 2</strong>: Nhấn giữ tổ hợp ph&iacute;m &ldquo;<strong>Fn + Q</strong>&rdquo; 3 gi&acirc;y để reset kết nối cho đến khi g&oacute;c đ&egrave;n nhấp nh&aacute;y m&agrave;u t&iacute;m.</p>\r\n\r\n<p><a href=\"https://cdn.tgdd.vn/Products/Images/4547/273016/bluetooth-dareu-ek868-250422-121655.jpg\" onclick=\"return false;\"><img alt=\"Đèn LED báo hiệu tình trạng kết nối - Bàn Phím Bluetooth DareU EK868\" src=\"https://cdn.tgdd.vn/Products/Images/4547/273016/bluetooth-dareu-ek868-250422-121655.jpg\" title=\"Đèn LED báo hiệu tình trạng kết nối - Bàn Phím Bluetooth DareU EK868\" /></a></p>\r\n\r\n<p><strong>Bước 3:</strong>&nbsp;Tr&ecirc;n&nbsp;<a href=\"https://www.thegioididong.com/laptop\" target=\"_blank\" title=\"Tham khảo máy tính kinh doanh tại Thế Giới Di Động\">m&aacute;y t&iacute;nh</a>, bạn mở c&agrave;i đặt bluetooth, chọn th&ecirc;m thiết bị (1) v&agrave; t&igrave;m thiết bị muốn kết nối t&igrave;m t&ecirc;n &ldquo;EK868 BT Keyboard&rdquo; v&agrave; chọn kết nối.</p>\r\n\r\n<p><a href=\"https://cdn.tgdd.vn/Products/Images/4547/273016/bluetooth-dareu-ek868-250422-122723.jpg\" onclick=\"return false;\"><img alt=\"Hướng dẫn kết nối máy tính - Bàn Phím Bluetooth DareU EK868\" src=\"https://cdn.tgdd.vn/Products/Images/4547/273016/bluetooth-dareu-ek868-250422-122723.jpg\" title=\"Hướng dẫn kết nối máy tính - Bàn Phím Bluetooth DareU EK868\" /></a></p>\r\n\r\n<p><a href=\"https://cdn.tgdd.vn/Products/Images/4547/273016/bluetooth-dareu-ek868-250422-121656.jpg\" onclick=\"return false;\"><img alt=\"Hướng dẫn kết nối - Bàn Phím Bluetooth DareU EK868\" src=\"https://cdn.tgdd.vn/Products/Images/4547/273016/bluetooth-dareu-ek868-250422-121656.jpg\" title=\"Hướng dẫn kết nối - Bàn Phím Bluetooth DareU EK868\" /></a></p>', '649000', 'co-day-dareu-6.jpg', 0, NULL, NULL),
(27, 3, 12, 'Chuột không dây Asus', 20, 0, '<p>Chuột kh&ocirc;ng d&acirc;y Asus</p>', '<h3><a href=\"https://www.thegioididong.com/chuot-may-tinh/chuot-khong-day-gaming-asus-tuf-m4-wl\" target=\"_blank\" title=\"Chuột không dây Gaming Asus TUF M4 WL\">Chuột kh&ocirc;ng d&acirc;y Gaming Asus TUF M4 WL</a>&nbsp;với thiết kế gọn nhẹ, nắp vỏ l&agrave;m bằng polyme PBT cao cấp cho độ bền cao, cầm chắc, kh&ocirc;ng mỏi tay khi thao t&aacute;c li&ecirc;n tục.</h3>\r\n\r\n<p>&bull;&nbsp;<a href=\"https://www.thegioididong.com/chuot-may-tinh\" target=\"_blank\" title=\"Tham khảo chuột đang bán tại thegioididong.com\">Chuột</a>&nbsp;c&oacute; cảm biến quang học 12.000 DPI chuẩn gaming để di chuột ch&iacute;nh x&aacute;c từng điểm ảnh, c&ugrave;ng với n&uacute;t DPI để điều chỉnh bốn cấp độ nhạy một c&aacute;ch nhanh ch&oacute;ng.</p>\r\n\r\n<p>&bull;&nbsp;Sử dụng được tr&ecirc;n nhiều bề mặt kh&aacute;c nhau&nbsp;m&agrave; kh&ocirc;ng cần d&ugrave;ng đến tấm l&oacute;t chuột chuy&ecirc;n dụng, tạo n&ecirc;n t&iacute;nh linh hoạt cao cho sản phẩm.</p>\r\n\r\n<p>&bull;&nbsp;<a href=\"https://www.thegioididong.com/chuot-may-tinh-khong-day\" target=\"_blank\" title=\"Tham khảo chuột không dây đang bán tại thegioididong.com\">Chuột kh&ocirc;ng d&acirc;y</a>&nbsp;c&oacute; hai chế độ kết nối th&ocirc;ng qua chuẩn USB receiver 2.4 GHz v&agrave; Bluetooth mang lại độ ổn định tuyệt vời.</p>\r\n\r\n<p>&bull;&nbsp;<a href=\"https://www.thegioididong.com/chuot-may-tinh-gaming\" target=\"_blank\" title=\"Tham khảo chuột gaming đang bán tại thegioididong.com\">Chuột gaming</a>&nbsp;c&oacute; s&aacute;u n&uacute;t tương t&aacute;c v&agrave; c&oacute; thể lập tr&igrave;nh, cho ph&eacute;p bạn điều chỉnh c&aacute;c điều khiển cho ph&ugrave; hợp với phong c&aacute;ch chơi của m&igrave;nh.&nbsp;C&aacute;c n&uacute;t tr&aacute;i v&agrave; phải được t&aacute;ch biệt khỏi nắp tr&ecirc;n, dẫn đến lực t&aacute;c động thấp hơn v&agrave; khoảng c&aacute;ch di chuyển tối ưu để click nhanh hơn v&agrave; cảm gi&aacute;c tốt hơn.</p>\r\n\r\n<p>&bull;&nbsp;Phần mềm Armory Crate cung cấp c&aacute;c điều khiển mở rộng v&agrave; giao diện người d&ugrave;ng trực quan cho ph&eacute;p bạn điều chỉnh&nbsp;<a href=\"https://www.thegioididong.com/chuot-may-tinh-asus\" target=\"_blank\" title=\"Tham khảo chuột Asus đang bán tại thegioididong.com\">chuột Asus</a>&nbsp;ph&ugrave; hợp với c&aacute;ch bạn chơi như tuỳ chỉnh n&uacute;t nhấn, điều chỉnh c&agrave;i đặt hiệu suất,...</p>\r\n\r\n<p>&nbsp;</p>', '1190000', 'chuot-khong-day-gaming-asus-62.jpeg', 0, NULL, NULL),
(28, 3, 12, 'Chuột có dây dareu hồng', 10, 0, '<p>Chuột c&oacute; d&acirc;y dareu</p>', '<p>Chuột c&oacute; d&acirc;y dareu</p>', '990000', 'chuot-co-day-dareu-em90-7.jpeg', 0, NULL, NULL);

-- --------------------------------------------------------

--
-- Cấu trúc bảng cho bảng `tbl_quanhuyen`
--

CREATE TABLE `tbl_quanhuyen` (
  `maqh` int(10) UNSIGNED NOT NULL,
  `name_qh` varchar(100) CHARACTER SET utf8 NOT NULL,
  `type` varchar(30) CHARACTER SET utf8 NOT NULL,
  `matp` int(10) NOT NULL
) ENGINE=InnoDB DEFAULT CHARSET=latin1;

--
-- Đang đổ dữ liệu cho bảng `tbl_quanhuyen`
--

INSERT INTO `tbl_quanhuyen` (`maqh`, `name_qh`, `type`, `matp`) VALUES
(1, 'Quận Ba Đình', 'Quận', 1),
(2, 'Quận Hoàn Kiếm', 'Quận', 1),
(3, 'Quận Tây Hồ', 'Quận', 1),
(4, 'Quận Long Biên', 'Quận', 1),
(5, 'Quận Cầu Giấy', 'Quận', 1),
(6, 'Quận Đống Đa', 'Quận', 1),
(7, 'Quận Hai Bà Trưng', 'Quận', 1),
(8, 'Quận Hoàng Mai', 'Quận', 1),
(9, 'Quận Thanh Xuân', 'Quận', 1),
(16, 'Huyện Sóc Sơn', 'Huyện', 1),
(17, 'Huyện Đông Anh', 'Huyện', 1),
(18, 'Huyện Gia Lâm', 'Huyện', 1),
(19, 'Quận Nam Từ Liêm', 'Quận', 1),
(20, 'Huyện Thanh Trì', 'Huyện', 1),
(21, 'Quận Bắc Từ Liêm', 'Quận', 1),
(24, 'Thành phố Hà Giang', 'Thành phố', 2),
(26, 'Huyện Đồng Văn', 'Huyện', 2),
(27, 'Huyện Mèo Vạc', 'Huyện', 2),
(28, 'Huyện Yên Minh', 'Huyện', 2),
(29, 'Huyện Quản Bạ', 'Huyện', 2),
(30, 'Huyện Vị Xuyên', 'Huyện', 2),
(31, 'Huyện Bắc Mê', 'Huyện', 2),
(32, 'Huyện Hoàng Su Phì', 'Huyện', 2),
(33, 'Huyện Xín Mần', 'Huyện', 2),
(34, 'Huyện Bắc Quang', 'Huyện', 2),
(35, 'Huyện Quang Bình', 'Huyện', 2),
(40, 'Thành phố Cao Bằng', 'Thành phố', 4),
(42, 'Huyện Bảo Lâm', 'Huyện', 4),
(43, 'Huyện Bảo Lạc', 'Huyện', 4),
(44, 'Huyện Thông Nông', 'Huyện', 4),
(45, 'Huyện Hà Quảng', 'Huyện', 4),
(46, 'Huyện Trà Lĩnh', 'Huyện', 4),
(47, 'Huyện Trùng Khánh', 'Huyện', 4),
(48, 'Huyện Hạ Lang', 'Huyện', 4),
(49, 'Huyện Quảng Uyên', 'Huyện', 4),
(50, 'Huyện Phục Hoà', 'Huyện', 4),
(51, 'Huyện Hoà An', 'Huyện', 4),
(52, 'Huyện Nguyên Bình', 'Huyện', 4),
(53, 'Huyện Thạch An', 'Huyện', 4),
(58, 'Thành Phố Bắc Kạn', 'Thành phố', 6),
(60, 'Huyện Pác Nặm', 'Huyện', 6),
(61, 'Huyện Ba Bể', 'Huyện', 6),
(62, 'Huyện Ngân Sơn', 'Huyện', 6),
(63, 'Huyện Bạch Thông', 'Huyện', 6),
(64, 'Huyện Chợ Đồn', 'Huyện', 6),
(65, 'Huyện Chợ Mới', 'Huyện', 6),
(66, 'Huyện Na Rì', 'Huyện', 6),
(70, 'Thành phố Tuyên Quang', 'Thành phố', 8),
(71, 'Huyện Lâm Bình', 'Huyện', 8),
(72, 'Huyện Nà Hang', 'Huyện', 8),
(73, 'Huyện Chiêm Hóa', 'Huyện', 8),
(74, 'Huyện Hàm Yên', 'Huyện', 8),
(75, 'Huyện Yên Sơn', 'Huyện', 8),
(76, 'Huyện Sơn Dương', 'Huyện', 8),
(80, 'Thành phố Lào Cai', 'Thành phố', 10),
(82, 'Huyện Bát Xát', 'Huyện', 10),
(83, 'Huyện Mường Khương', 'Huyện', 10),
(84, 'Huyện Si Ma Cai', 'Huyện', 10),
(85, 'Huyện Bắc Hà', 'Huyện', 10),
(86, 'Huyện Bảo Thắng', 'Huyện', 10),
(87, 'Huyện Bảo Yên', 'Huyện', 10),
(88, 'Huyện Sa Pa', 'Huyện', 10),
(89, 'Huyện Văn Bàn', 'Huyện', 10),
(94, 'Thành phố Điện Biên Phủ', 'Thành phố', 11),
(95, 'Thị Xã Mường Lay', 'Thị xã', 11),
(96, 'Huyện Mường Nhé', 'Huyện', 11),
(97, 'Huyện Mường Chà', 'Huyện', 11),
(98, 'Huyện Tủa Chùa', 'Huyện', 11),
(99, 'Huyện Tuần Giáo', 'Huyện', 11),
(100, 'Huyện Điện Biên', 'Huyện', 11),
(101, 'Huyện Điện Biên Đông', 'Huyện', 11),
(102, 'Huyện Mường Ảng', 'Huyện', 11),
(103, 'Huyện Nậm Pồ', 'Huyện', 11),
(105, 'Thành phố Lai Châu', 'Thành phố', 12),
(106, 'Huyện Tam Đường', 'Huyện', 12),
(107, 'Huyện Mường Tè', 'Huyện', 12),
(108, 'Huyện Sìn Hồ', 'Huyện', 12),
(109, 'Huyện Phong Thổ', 'Huyện', 12),
(110, 'Huyện Than Uyên', 'Huyện', 12),
(111, 'Huyện Tân Uyên', 'Huyện', 12),
(112, 'Huyện Nậm Nhùn', 'Huyện', 12),
(116, 'Thành phố Sơn La', 'Thành phố', 14),
(118, 'Huyện Quỳnh Nhai', 'Huyện', 14),
(119, 'Huyện Thuận Châu', 'Huyện', 14),
(120, 'Huyện Mường La', 'Huyện', 14),
(121, 'Huyện Bắc Yên', 'Huyện', 14),
(122, 'Huyện Phù Yên', 'Huyện', 14),
(123, 'Huyện Mộc Châu', 'Huyện', 14),
(124, 'Huyện Yên Châu', 'Huyện', 14),
(125, 'Huyện Mai Sơn', 'Huyện', 14),
(126, 'Huyện Sông Mã', 'Huyện', 14),
(127, 'Huyện Sốp Cộp', 'Huyện', 14),
(128, 'Huyện Vân Hồ', 'Huyện', 14),
(132, 'Thành phố Yên Bái', 'Thành phố', 15),
(133, 'Thị xã Nghĩa Lộ', 'Thị xã', 15),
(135, 'Huyện Lục Yên', 'Huyện', 15),
(136, 'Huyện Văn Yên', 'Huyện', 15),
(137, 'Huyện Mù Căng Chải', 'Huyện', 15),
(138, 'Huyện Trấn Yên', 'Huyện', 15),
(139, 'Huyện Trạm Tấu', 'Huyện', 15),
(140, 'Huyện Văn Chấn', 'Huyện', 15),
(141, 'Huyện Yên Bình', 'Huyện', 15),
(148, 'Thành phố Hòa Bình', 'Thành phố', 17),
(150, 'Huyện Đà Bắc', 'Huyện', 17),
(151, 'Huyện Kỳ Sơn', 'Huyện', 17),
(152, 'Huyện Lương Sơn', 'Huyện', 17),
(153, 'Huyện Kim Bôi', 'Huyện', 17),
(154, 'Huyện Cao Phong', 'Huyện', 17),
(155, 'Huyện Tân Lạc', 'Huyện', 17),
(156, 'Huyện Mai Châu', 'Huyện', 17),
(157, 'Huyện Lạc Sơn', 'Huyện', 17),
(158, 'Huyện Yên Thủy', 'Huyện', 17),
(159, 'Huyện Lạc Thủy', 'Huyện', 17),
(164, 'Thành phố Thái Nguyên', 'Thành phố', 19),
(165, 'Thành phố Sông Công', 'Thành phố', 19),
(167, 'Huyện Định Hóa', 'Huyện', 19),
(168, 'Huyện Phú Lương', 'Huyện', 19),
(169, 'Huyện Đồng Hỷ', 'Huyện', 19),
(170, 'Huyện Võ Nhai', 'Huyện', 19),
(171, 'Huyện Đại Từ', 'Huyện', 19),
(172, 'Thị xã Phổ Yên', 'Thị xã', 19),
(173, 'Huyện Phú Bình', 'Huyện', 19),
(178, 'Thành phố Lạng Sơn', 'Thành phố', 20),
(180, 'Huyện Tràng Định', 'Huyện', 20),
(181, 'Huyện Bình Gia', 'Huyện', 20),
(182, 'Huyện Văn Lãng', 'Huyện', 20),
(183, 'Huyện Cao Lộc', 'Huyện', 20),
(184, 'Huyện Văn Quan', 'Huyện', 20),
(185, 'Huyện Bắc Sơn', 'Huyện', 20),
(186, 'Huyện Hữu Lũng', 'Huyện', 20),
(187, 'Huyện Chi Lăng', 'Huyện', 20),
(188, 'Huyện Lộc Bình', 'Huyện', 20),
(189, 'Huyện Đình Lập', 'Huyện', 20),
(193, 'Thành phố Hạ Long', 'Thành phố', 22),
(194, 'Thành phố Móng Cái', 'Thành phố', 22),
(195, 'Thành phố Cẩm Phả', 'Thành phố', 22),
(196, 'Thành phố Uông Bí', 'Thành phố', 22),
(198, 'Huyện Bình Liêu', 'Huyện', 22),
(199, 'Huyện Tiên Yên', 'Huyện', 22),
(200, 'Huyện Đầm Hà', 'Huyện', 22),
(201, 'Huyện Hải Hà', 'Huyện', 22),
(202, 'Huyện Ba Chẽ', 'Huyện', 22),
(203, 'Huyện Vân Đồn', 'Huyện', 22),
(204, 'Huyện Hoành Bồ', 'Huyện', 22),
(205, 'Thị xã Đông Triều', 'Thị xã', 22),
(206, 'Thị xã Quảng Yên', 'Thị xã', 22),
(207, 'Huyện Cô Tô', 'Huyện', 22),
(213, 'Thành phố Bắc Giang', 'Thành phố', 24),
(215, 'Huyện Yên Thế', 'Huyện', 24),
(216, 'Huyện Tân Yên', 'Huyện', 24),
(217, 'Huyện Lạng Giang', 'Huyện', 24),
(218, 'Huyện Lục Nam', 'Huyện', 24),
(219, 'Huyện Lục Ngạn', 'Huyện', 24),
(220, 'Huyện Sơn Động', 'Huyện', 24),
(221, 'Huyện Yên Dũng', 'Huyện', 24),
(222, 'Huyện Việt Yên', 'Huyện', 24),
(223, 'Huyện Hiệp Hòa', 'Huyện', 24),
(227, 'Thành phố Việt Trì', 'Thành phố', 25),
(228, 'Thị xã Phú Thọ', 'Thị xã', 25),
(230, 'Huyện Đoan Hùng', 'Huyện', 25),
(231, 'Huyện Hạ Hoà', 'Huyện', 25),
(232, 'Huyện Thanh Ba', 'Huyện', 25),
(233, 'Huyện Phù Ninh', 'Huyện', 25),
(234, 'Huyện Yên Lập', 'Huyện', 25),
(235, 'Huyện Cẩm Khê', 'Huyện', 25),
(236, 'Huyện Tam Nông', 'Huyện', 25),
(237, 'Huyện Lâm Thao', 'Huyện', 25),
(238, 'Huyện Thanh Sơn', 'Huyện', 25),
(239, 'Huyện Thanh Thuỷ', 'Huyện', 25),
(240, 'Huyện Tân Sơn', 'Huyện', 25),
(243, 'Thành phố Vĩnh Yên', 'Thành phố', 26),
(244, 'Thị xã Phúc Yên', 'Thị xã', 26),
(246, 'Huyện Lập Thạch', 'Huyện', 26),
(247, 'Huyện Tam Dương', 'Huyện', 26),
(248, 'Huyện Tam Đảo', 'Huyện', 26),
(249, 'Huyện Bình Xuyên', 'Huyện', 26),
(250, 'Huyện Mê Linh', 'Huyện', 1),
(251, 'Huyện Yên Lạc', 'Huyện', 26),
(252, 'Huyện Vĩnh Tường', 'Huyện', 26),
(253, 'Huyện Sông Lô', 'Huyện', 26),
(256, 'Thành phố Bắc Ninh', 'Thành phố', 27),
(258, 'Huyện Yên Phong', 'Huyện', 27),
(259, 'Huyện Quế Võ', 'Huyện', 27),
(260, 'Huyện Tiên Du', 'Huyện', 27),
(261, 'Thị xã Từ Sơn', 'Thị xã', 27),
(262, 'Huyện Thuận Thành', 'Huyện', 27),
(263, 'Huyện Gia Bình', 'Huyện', 27),
(264, 'Huyện Lương Tài', 'Huyện', 27),
(268, 'Quận Hà Đông', 'Quận', 1),
(269, 'Thị xã Sơn Tây', 'Thị xã', 1),
(271, 'Huyện Ba Vì', 'Huyện', 1),
(272, 'Huyện Phúc Thọ', 'Huyện', 1),
(273, 'Huyện Đan Phượng', 'Huyện', 1),
(274, 'Huyện Hoài Đức', 'Huyện', 1),
(275, 'Huyện Quốc Oai', 'Huyện', 1),
(276, 'Huyện Thạch Thất', 'Huyện', 1),
(277, 'Huyện Chương Mỹ', 'Huyện', 1),
(278, 'Huyện Thanh Oai', 'Huyện', 1),
(279, 'Huyện Thường Tín', 'Huyện', 1),
(280, 'Huyện Phú Xuyên', 'Huyện', 1),
(281, 'Huyện Ứng Hòa', 'Huyện', 1),
(282, 'Huyện Mỹ Đức', 'Huyện', 1),
(288, 'Thành phố Hải Dương', 'Thành phố', 30),
(290, 'Thị xã Chí Linh', 'Thị xã', 30),
(291, 'Huyện Nam Sách', 'Huyện', 30),
(292, 'Huyện Kinh Môn', 'Huyện', 30),
(293, 'Huyện Kim Thành', 'Huyện', 30),
(294, 'Huyện Thanh Hà', 'Huyện', 30),
(295, 'Huyện Cẩm Giàng', 'Huyện', 30),
(296, 'Huyện Bình Giang', 'Huyện', 30),
(297, 'Huyện Gia Lộc', 'Huyện', 30),
(298, 'Huyện Tứ Kỳ', 'Huyện', 30),
(299, 'Huyện Ninh Giang', 'Huyện', 30),
(300, 'Huyện Thanh Miện', 'Huyện', 30),
(303, 'Quận Hồng Bàng', 'Quận', 31),
(304, 'Quận Ngô Quyền', 'Quận', 31),
(305, 'Quận Lê Chân', 'Quận', 31),
(306, 'Quận Hải An', 'Quận', 31),
(307, 'Quận Kiến An', 'Quận', 31),
(308, 'Quận Đồ Sơn', 'Quận', 31),
(309, 'Quận Dương Kinh', 'Quận', 31),
(311, 'Huyện Thuỷ Nguyên', 'Huyện', 31),
(312, 'Huyện An Dương', 'Huyện', 31),
(313, 'Huyện An Lão', 'Huyện', 31),
(314, 'Huyện Kiến Thuỵ', 'Huyện', 31),
(315, 'Huyện Tiên Lãng', 'Huyện', 31),
(316, 'Huyện Vĩnh Bảo', 'Huyện', 31),
(317, 'Huyện Cát Hải', 'Huyện', 31),
(318, 'Huyện Bạch Long Vĩ', 'Huyện', 31),
(323, 'Thành phố Hưng Yên', 'Thành phố', 33),
(325, 'Huyện Văn Lâm', 'Huyện', 33),
(326, 'Huyện Văn Giang', 'Huyện', 33),
(327, 'Huyện Yên Mỹ', 'Huyện', 33),
(328, 'Huyện Mỹ Hào', 'Huyện', 33),
(329, 'Huyện Ân Thi', 'Huyện', 33),
(330, 'Huyện Khoái Châu', 'Huyện', 33),
(331, 'Huyện Kim Động', 'Huyện', 33),
(332, 'Huyện Tiên Lữ', 'Huyện', 33),
(333, 'Huyện Phù Cừ', 'Huyện', 33),
(336, 'Thành phố Thái Bình', 'Thành phố', 34),
(338, 'Huyện Quỳnh Phụ', 'Huyện', 34),
(339, 'Huyện Hưng Hà', 'Huyện', 34),
(340, 'Huyện Đông Hưng', 'Huyện', 34),
(341, 'Huyện Thái Thụy', 'Huyện', 34),
(342, 'Huyện Tiền Hải', 'Huyện', 34),
(343, 'Huyện Kiến Xương', 'Huyện', 34),
(344, 'Huyện Vũ Thư', 'Huyện', 34),
(347, 'Thành phố Phủ Lý', 'Thành phố', 35),
(349, 'Huyện Duy Tiên', 'Huyện', 35),
(350, 'Huyện Kim Bảng', 'Huyện', 35),
(351, 'Huyện Thanh Liêm', 'Huyện', 35),
(352, 'Huyện Bình Lục', 'Huyện', 35),
(353, 'Huyện Lý Nhân', 'Huyện', 35),
(356, 'Thành phố Nam Định', 'Thành phố', 36),
(358, 'Huyện Mỹ Lộc', 'Huyện', 36),
(359, 'Huyện Vụ Bản', 'Huyện', 36),
(360, 'Huyện Ý Yên', 'Huyện', 36),
(361, 'Huyện Nghĩa Hưng', 'Huyện', 36),
(362, 'Huyện Nam Trực', 'Huyện', 36),
(363, 'Huyện Trực Ninh', 'Huyện', 36),
(364, 'Huyện Xuân Trường', 'Huyện', 36),
(365, 'Huyện Giao Thủy', 'Huyện', 36),
(366, 'Huyện Hải Hậu', 'Huyện', 36),
(369, 'Thành phố Ninh Bình', 'Thành phố', 37),
(370, 'Thành phố Tam Điệp', 'Thành phố', 37),
(372, 'Huyện Nho Quan', 'Huyện', 37),
(373, 'Huyện Gia Viễn', 'Huyện', 37),
(374, 'Huyện Hoa Lư', 'Huyện', 37),
(375, 'Huyện Yên Khánh', 'Huyện', 37),
(376, 'Huyện Kim Sơn', 'Huyện', 37),
(377, 'Huyện Yên Mô', 'Huyện', 37),
(380, 'Thành phố Thanh Hóa', 'Thành phố', 38),
(381, 'Thị xã Bỉm Sơn', 'Thị xã', 38),
(382, 'Thị xã Sầm Sơn', 'Thị xã', 38),
(384, 'Huyện Mường Lát', 'Huyện', 38),
(385, 'Huyện Quan Hóa', 'Huyện', 38),
(386, 'Huyện Bá Thước', 'Huyện', 38),
(387, 'Huyện Quan Sơn', 'Huyện', 38),
(388, 'Huyện Lang Chánh', 'Huyện', 38),
(389, 'Huyện Ngọc Lặc', 'Huyện', 38),
(390, 'Huyện Cẩm Thủy', 'Huyện', 38),
(391, 'Huyện Thạch Thành', 'Huyện', 38),
(392, 'Huyện Hà Trung', 'Huyện', 38),
(393, 'Huyện Vĩnh Lộc', 'Huyện', 38),
(394, 'Huyện Yên Định', 'Huyện', 38),
(395, 'Huyện Thọ Xuân', 'Huyện', 38),
(396, 'Huyện Thường Xuân', 'Huyện', 38),
(397, 'Huyện Triệu Sơn', 'Huyện', 38),
(398, 'Huyện Thiệu Hóa', 'Huyện', 38),
(399, 'Huyện Hoằng Hóa', 'Huyện', 38),
(400, 'Huyện Hậu Lộc', 'Huyện', 38),
(401, 'Huyện Nga Sơn', 'Huyện', 38),
(402, 'Huyện Như Xuân', 'Huyện', 38),
(403, 'Huyện Như Thanh', 'Huyện', 38),
(404, 'Huyện Nông Cống', 'Huyện', 38),
(405, 'Huyện Đông Sơn', 'Huyện', 38),
(406, 'Huyện Quảng Xương', 'Huyện', 38),
(407, 'Huyện Tĩnh Gia', 'Huyện', 38),
(412, 'Thành phố Vinh', 'Thành phố', 40),
(413, 'Thị xã Cửa Lò', 'Thị xã', 40),
(414, 'Thị xã Thái Hoà', 'Thị xã', 40),
(415, 'Huyện Quế Phong', 'Huyện', 40),
(416, 'Huyện Quỳ Châu', 'Huyện', 40),
(417, 'Huyện Kỳ Sơn', 'Huyện', 40),
(418, 'Huyện Tương Dương', 'Huyện', 40),
(419, 'Huyện Nghĩa Đàn', 'Huyện', 40),
(420, 'Huyện Quỳ Hợp', 'Huyện', 40),
(421, 'Huyện Quỳnh Lưu', 'Huyện', 40),
(422, 'Huyện Con Cuông', 'Huyện', 40),
(423, 'Huyện Tân Kỳ', 'Huyện', 40),
(424, 'Huyện Anh Sơn', 'Huyện', 40),
(425, 'Huyện Diễn Châu', 'Huyện', 40),
(426, 'Huyện Yên Thành', 'Huyện', 40),
(427, 'Huyện Đô Lương', 'Huyện', 40),
(428, 'Huyện Thanh Chương', 'Huyện', 40),
(429, 'Huyện Nghi Lộc', 'Huyện', 40),
(430, 'Huyện Nam Đàn', 'Huyện', 40),
(431, 'Huyện Hưng Nguyên', 'Huyện', 40),
(432, 'Thị xã Hoàng Mai', 'Thị xã', 40),
(436, 'Thành phố Hà Tĩnh', 'Thành phố', 42),
(437, 'Thị xã Hồng Lĩnh', 'Thị xã', 42),
(439, 'Huyện Hương Sơn', 'Huyện', 42),
(440, 'Huyện Đức Thọ', 'Huyện', 42),
(441, 'Huyện Vũ Quang', 'Huyện', 42),
(442, 'Huyện Nghi Xuân', 'Huyện', 42),
(443, 'Huyện Can Lộc', 'Huyện', 42),
(444, 'Huyện Hương Khê', 'Huyện', 42),
(445, 'Huyện Thạch Hà', 'Huyện', 42),
(446, 'Huyện Cẩm Xuyên', 'Huyện', 42),
(447, 'Huyện Kỳ Anh', 'Huyện', 42),
(448, 'Huyện Lộc Hà', 'Huyện', 42),
(449, 'Thị xã Kỳ Anh', 'Thị xã', 42),
(450, 'Thành Phố Đồng Hới', 'Thành phố', 44),
(452, 'Huyện Minh Hóa', 'Huyện', 44),
(453, 'Huyện Tuyên Hóa', 'Huyện', 44),
(454, 'Huyện Quảng Trạch', 'Thị xã', 44),
(455, 'Huyện Bố Trạch', 'Huyện', 44),
(456, 'Huyện Quảng Ninh', 'Huyện', 44),
(457, 'Huyện Lệ Thủy', 'Huyện', 44),
(458, 'Thị xã Ba Đồn', 'Huyện', 44),
(461, 'Thành phố Đông Hà', 'Thành phố', 45),
(462, 'Thị xã Quảng Trị', 'Thị xã', 45),
(464, 'Huyện Vĩnh Linh', 'Huyện', 45),
(465, 'Huyện Hướng Hóa', 'Huyện', 45),
(466, 'Huyện Gio Linh', 'Huyện', 45),
(467, 'Huyện Đa Krông', 'Huyện', 45),
(468, 'Huyện Cam Lộ', 'Huyện', 45),
(469, 'Huyện Triệu Phong', 'Huyện', 45),
(470, 'Huyện Hải Lăng', 'Huyện', 45),
(471, 'Huyện Cồn Cỏ', 'Huyện', 45),
(474, 'Thành phố Huế', 'Thành phố', 46),
(476, 'Huyện Phong Điền', 'Huyện', 46),
(477, 'Huyện Quảng Điền', 'Huyện', 46),
(478, 'Huyện Phú Vang', 'Huyện', 46),
(479, 'Thị xã Hương Thủy', 'Thị xã', 46),
(480, 'Thị xã Hương Trà', 'Thị xã', 46),
(481, 'Huyện A Lưới', 'Huyện', 46),
(482, 'Huyện Phú Lộc', 'Huyện', 46),
(483, 'Huyện Nam Đông', 'Huyện', 46),
(490, 'Quận Liên Chiểu', 'Quận', 48),
(491, 'Quận Thanh Khê', 'Quận', 48),
(492, 'Quận Hải Châu', 'Quận', 48),
(493, 'Quận Sơn Trà', 'Quận', 48),
(494, 'Quận Ngũ Hành Sơn', 'Quận', 48),
(495, 'Quận Cẩm Lệ', 'Quận', 48),
(497, 'Huyện Hòa Vang', 'Huyện', 48),
(498, 'Huyện Hoàng Sa', 'Huyện', 48),
(502, 'Thành phố Tam Kỳ', 'Thành phố', 49),
(503, 'Thành phố Hội An', 'Thành phố', 49),
(504, 'Huyện Tây Giang', 'Huyện', 49),
(505, 'Huyện Đông Giang', 'Huyện', 49),
(506, 'Huyện Đại Lộc', 'Huyện', 49),
(507, 'Thị xã Điện Bàn', 'Thị xã', 49),
(508, 'Huyện Duy Xuyên', 'Huyện', 49),
(509, 'Huyện Quế Sơn', 'Huyện', 49),
(510, 'Huyện Nam Giang', 'Huyện', 49),
(511, 'Huyện Phước Sơn', 'Huyện', 49),
(512, 'Huyện Hiệp Đức', 'Huyện', 49),
(513, 'Huyện Thăng Bình', 'Huyện', 49),
(514, 'Huyện Tiên Phước', 'Huyện', 49),
(515, 'Huyện Bắc Trà My', 'Huyện', 49),
(516, 'Huyện Nam Trà My', 'Huyện', 49),
(517, 'Huyện Núi Thành', 'Huyện', 49),
(518, 'Huyện Phú Ninh', 'Huyện', 49),
(519, 'Huyện Nông Sơn', 'Huyện', 49),
(522, 'Thành phố Quảng Ngãi', 'Thành phố', 51),
(524, 'Huyện Bình Sơn', 'Huyện', 51),
(525, 'Huyện Trà Bồng', 'Huyện', 51),
(526, 'Huyện Tây Trà', 'Huyện', 51),
(527, 'Huyện Sơn Tịnh', 'Huyện', 51),
(528, 'Huyện Tư Nghĩa', 'Huyện', 51),
(529, 'Huyện Sơn Hà', 'Huyện', 51),
(530, 'Huyện Sơn Tây', 'Huyện', 51),
(531, 'Huyện Minh Long', 'Huyện', 51),
(532, 'Huyện Nghĩa Hành', 'Huyện', 51),
(533, 'Huyện Mộ Đức', 'Huyện', 51),
(534, 'Huyện Đức Phổ', 'Huyện', 51),
(535, 'Huyện Ba Tơ', 'Huyện', 51),
(536, 'Huyện Lý Sơn', 'Huyện', 51),
(540, 'Thành phố Qui Nhơn', 'Thành phố', 52),
(542, 'Huyện An Lão', 'Huyện', 52),
(543, 'Huyện Hoài Nhơn', 'Huyện', 52),
(544, 'Huyện Hoài Ân', 'Huyện', 52),
(545, 'Huyện Phù Mỹ', 'Huyện', 52),
(546, 'Huyện Vĩnh Thạnh', 'Huyện', 52),
(547, 'Huyện Tây Sơn', 'Huyện', 52),
(548, 'Huyện Phù Cát', 'Huyện', 52),
(549, 'Thị xã An Nhơn', 'Thị xã', 52),
(550, 'Huyện Tuy Phước', 'Huyện', 52),
(551, 'Huyện Vân Canh', 'Huyện', 52),
(555, 'Thành phố Tuy Hoà', 'Thành phố', 54),
(557, 'Thị xã Sông Cầu', 'Thị xã', 54),
(558, 'Huyện Đồng Xuân', 'Huyện', 54),
(559, 'Huyện Tuy An', 'Huyện', 54),
(560, 'Huyện Sơn Hòa', 'Huyện', 54),
(561, 'Huyện Sông Hinh', 'Huyện', 54),
(562, 'Huyện Tây Hoà', 'Huyện', 54),
(563, 'Huyện Phú Hoà', 'Huyện', 54),
(564, 'Huyện Đông Hòa', 'Huyện', 54),
(568, 'Thành phố Nha Trang', 'Thành phố', 56),
(569, 'Thành phố Cam Ranh', 'Thành phố', 56),
(570, 'Huyện Cam Lâm', 'Huyện', 56),
(571, 'Huyện Vạn Ninh', 'Huyện', 56),
(572, 'Thị xã Ninh Hòa', 'Thị xã', 56),
(573, 'Huyện Khánh Vĩnh', 'Huyện', 56),
(574, 'Huyện Diên Khánh', 'Huyện', 56),
(575, 'Huyện Khánh Sơn', 'Huyện', 56),
(576, 'Huyện Trường Sa', 'Huyện', 56),
(582, 'Thành phố Phan Rang-Tháp Chàm', 'Thành phố', 58),
(584, 'Huyện Bác Ái', 'Huyện', 58),
(585, 'Huyện Ninh Sơn', 'Huyện', 58),
(586, 'Huyện Ninh Hải', 'Huyện', 58),
(587, 'Huyện Ninh Phước', 'Huyện', 58),
(588, 'Huyện Thuận Bắc', 'Huyện', 58),
(589, 'Huyện Thuận Nam', 'Huyện', 58),
(593, 'Thành phố Phan Thiết', 'Thành phố', 60),
(594, 'Thị xã La Gi', 'Thị xã', 60),
(595, 'Huyện Tuy Phong', 'Huyện', 60),
(596, 'Huyện Bắc Bình', 'Huyện', 60),
(597, 'Huyện Hàm Thuận Bắc', 'Huyện', 60),
(598, 'Huyện Hàm Thuận Nam', 'Huyện', 60),
(599, 'Huyện Tánh Linh', 'Huyện', 60),
(600, 'Huyện Đức Linh', 'Huyện', 60),
(601, 'Huyện Hàm Tân', 'Huyện', 60),
(602, 'Huyện Phú Quí', 'Huyện', 60),
(608, 'Thành phố Kon Tum', 'Thành phố', 62),
(610, 'Huyện Đắk Glei', 'Huyện', 62),
(611, 'Huyện Ngọc Hồi', 'Huyện', 62),
(612, 'Huyện Đắk Tô', 'Huyện', 62),
(613, 'Huyện Kon Plông', 'Huyện', 62),
(614, 'Huyện Kon Rẫy', 'Huyện', 62),
(615, 'Huyện Đắk Hà', 'Huyện', 62),
(616, 'Huyện Sa Thầy', 'Huyện', 62),
(617, 'Huyện Tu Mơ Rông', 'Huyện', 62),
(618, 'Huyện Ia H\' Drai', 'Huyện', 62),
(622, 'Thành phố Pleiku', 'Thành phố', 64),
(623, 'Thị xã An Khê', 'Thị xã', 64),
(624, 'Thị xã Ayun Pa', 'Thị xã', 64),
(625, 'Huyện KBang', 'Huyện', 64),
(626, 'Huyện Đăk Đoa', 'Huyện', 64),
(627, 'Huyện Chư Păh', 'Huyện', 64),
(628, 'Huyện Ia Grai', 'Huyện', 64),
(629, 'Huyện Mang Yang', 'Huyện', 64),
(630, 'Huyện Kông Chro', 'Huyện', 64),
(631, 'Huyện Đức Cơ', 'Huyện', 64),
(632, 'Huyện Chư Prông', 'Huyện', 64),
(633, 'Huyện Chư Sê', 'Huyện', 64),
(634, 'Huyện Đăk Pơ', 'Huyện', 64),
(635, 'Huyện Ia Pa', 'Huyện', 64),
(637, 'Huyện Krông Pa', 'Huyện', 64),
(638, 'Huyện Phú Thiện', 'Huyện', 64),
(639, 'Huyện Chư Pưh', 'Huyện', 64),
(643, 'Thành phố Buôn Ma Thuột', 'Thành phố', 66),
(644, 'Thị Xã Buôn Hồ', 'Thị xã', 66),
(645, 'Huyện Ea H\'leo', 'Huyện', 66),
(646, 'Huyện Ea Súp', 'Huyện', 66),
(647, 'Huyện Buôn Đôn', 'Huyện', 66),
(648, 'Huyện Cư M\'gar', 'Huyện', 66),
(649, 'Huyện Krông Búk', 'Huyện', 66),
(650, 'Huyện Krông Năng', 'Huyện', 66),
(651, 'Huyện Ea Kar', 'Huyện', 66),
(652, 'Huyện M\'Đrắk', 'Huyện', 66),
(653, 'Huyện Krông Bông', 'Huyện', 66),
(654, 'Huyện Krông Pắc', 'Huyện', 66),
(655, 'Huyện Krông A Na', 'Huyện', 66),
(656, 'Huyện Lắk', 'Huyện', 66),
(657, 'Huyện Cư Kuin', 'Huyện', 66),
(660, 'Thị xã Gia Nghĩa', 'Thị xã', 67),
(661, 'Huyện Đăk Glong', 'Huyện', 67),
(662, 'Huyện Cư Jút', 'Huyện', 67),
(663, 'Huyện Đắk Mil', 'Huyện', 67),
(664, 'Huyện Krông Nô', 'Huyện', 67),
(665, 'Huyện Đắk Song', 'Huyện', 67),
(666, 'Huyện Đắk R\'Lấp', 'Huyện', 67),
(667, 'Huyện Tuy Đức', 'Huyện', 67),
(672, 'Thành phố Đà Lạt', 'Thành phố', 68),
(673, 'Thành phố Bảo Lộc', 'Thành phố', 68),
(674, 'Huyện Đam Rông', 'Huyện', 68),
(675, 'Huyện Lạc Dương', 'Huyện', 68),
(676, 'Huyện Lâm Hà', 'Huyện', 68),
(677, 'Huyện Đơn Dương', 'Huyện', 68),
(678, 'Huyện Đức Trọng', 'Huyện', 68),
(679, 'Huyện Di Linh', 'Huyện', 68),
(680, 'Huyện Bảo Lâm', 'Huyện', 68),
(681, 'Huyện Đạ Huoai', 'Huyện', 68),
(682, 'Huyện Đạ Tẻh', 'Huyện', 68),
(683, 'Huyện Cát Tiên', 'Huyện', 68),
(688, 'Thị xã Phước Long', 'Thị xã', 70),
(689, 'Thị xã Đồng Xoài', 'Thị xã', 70),
(690, 'Thị xã Bình Long', 'Thị xã', 70),
(691, 'Huyện Bù Gia Mập', 'Huyện', 70),
(692, 'Huyện Lộc Ninh', 'Huyện', 70),
(693, 'Huyện Bù Đốp', 'Huyện', 70),
(694, 'Huyện Hớn Quản', 'Huyện', 70),
(695, 'Huyện Đồng Phú', 'Huyện', 70),
(696, 'Huyện Bù Đăng', 'Huyện', 70),
(697, 'Huyện Chơn Thành', 'Huyện', 70),
(698, 'Huyện Phú Riềng', 'Huyện', 70),
(703, 'Thành phố Tây Ninh', 'Thành phố', 72),
(705, 'Huyện Tân Biên', 'Huyện', 72),
(706, 'Huyện Tân Châu', 'Huyện', 72),
(707, 'Huyện Dương Minh Châu', 'Huyện', 72),
(708, 'Huyện Châu Thành', 'Huyện', 72),
(709, 'Huyện Hòa Thành', 'Huyện', 72),
(710, 'Huyện Gò Dầu', 'Huyện', 72),
(711, 'Huyện Bến Cầu', 'Huyện', 72),
(712, 'Huyện Trảng Bàng', 'Huyện', 72),
(718, 'Thành phố Thủ Dầu Một', 'Thành phố', 74),
(719, 'Huyện Bàu Bàng', 'Huyện', 74),
(720, 'Huyện Dầu Tiếng', 'Huyện', 74),
(721, 'Thị xã Bến Cát', 'Thị xã', 74),
(722, 'Huyện Phú Giáo', 'Huyện', 74),
(723, 'Thị xã Tân Uyên', 'Thị xã', 74),
(724, 'Thị xã Dĩ An', 'Thị xã', 74),
(725, 'Thị xã Thuận An', 'Thị xã', 74),
(726, 'Huyện Bắc Tân Uyên', 'Huyện', 74),
(731, 'Thành phố Biên Hòa', 'Thành phố', 75),
(732, 'Thị xã Long Khánh', 'Thị xã', 75),
(734, 'Huyện Tân Phú', 'Huyện', 75),
(735, 'Huyện Vĩnh Cửu', 'Huyện', 75),
(736, 'Huyện Định Quán', 'Huyện', 75),
(737, 'Huyện Trảng Bom', 'Huyện', 75),
(738, 'Huyện Thống Nhất', 'Huyện', 75),
(739, 'Huyện Cẩm Mỹ', 'Huyện', 75),
(740, 'Huyện Long Thành', 'Huyện', 75),
(741, 'Huyện Xuân Lộc', 'Huyện', 75),
(742, 'Huyện Nhơn Trạch', 'Huyện', 75),
(747, 'Thành phố Vũng Tàu', 'Thành phố', 77),
(748, 'Thành phố Bà Rịa', 'Thành phố', 77),
(750, 'Huyện Châu Đức', 'Huyện', 77),
(751, 'Huyện Xuyên Mộc', 'Huyện', 77),
(752, 'Huyện Long Điền', 'Huyện', 77),
(753, 'Huyện Đất Đỏ', 'Huyện', 77),
(754, 'Huyện Tân Thành', 'Huyện', 77),
(755, 'Huyện Côn Đảo', 'Huyện', 77),
(760, 'Quận 1', 'Quận', 79),
(761, 'Quận 12', 'Quận', 79),
(762, 'Quận Thủ Đức', 'Quận', 79),
(763, 'Quận 9', 'Quận', 79),
(764, 'Quận Gò Vấp', 'Quận', 79),
(765, 'Quận Bình Thạnh', 'Quận', 79),
(766, 'Quận Tân Bình', 'Quận', 79),
(767, 'Quận Tân Phú', 'Quận', 79),
(768, 'Quận Phú Nhuận', 'Quận', 79),
(769, 'Quận 2', 'Quận', 79),
(770, 'Quận 3', 'Quận', 79),
(771, 'Quận 10', 'Quận', 79),
(772, 'Quận 11', 'Quận', 79),
(773, 'Quận 4', 'Quận', 79),
(774, 'Quận 5', 'Quận', 79),
(775, 'Quận 6', 'Quận', 79),
(776, 'Quận 8', 'Quận', 79),
(777, 'Quận Bình Tân', 'Quận', 79),
(778, 'Quận 7', 'Quận', 79),
(783, 'Huyện Củ Chi', 'Huyện', 79),
(784, 'Huyện Hóc Môn', 'Huyện', 79),
(785, 'Huyện Bình Chánh', 'Huyện', 79),
(786, 'Huyện Nhà Bè', 'Huyện', 79),
(787, 'Huyện Cần Giờ', 'Huyện', 79),
(794, 'Thành phố Tân An', 'Thành phố', 80),
(795, 'Thị xã Kiến Tường', 'Thị xã', 80),
(796, 'Huyện Tân Hưng', 'Huyện', 80),
(797, 'Huyện Vĩnh Hưng', 'Huyện', 80),
(798, 'Huyện Mộc Hóa', 'Huyện', 80),
(799, 'Huyện Tân Thạnh', 'Huyện', 80),
(800, 'Huyện Thạnh Hóa', 'Huyện', 80),
(801, 'Huyện Đức Huệ', 'Huyện', 80),
(802, 'Huyện Đức Hòa', 'Huyện', 80),
(803, 'Huyện Bến Lức', 'Huyện', 80),
(804, 'Huyện Thủ Thừa', 'Huyện', 80),
(805, 'Huyện Tân Trụ', 'Huyện', 80),
(806, 'Huyện Cần Đước', 'Huyện', 80),
(807, 'Huyện Cần Giuộc', 'Huyện', 80),
(808, 'Huyện Châu Thành', 'Huyện', 80),
(815, 'Thành phố Mỹ Tho', 'Thành phố', 82),
(816, 'Thị xã Gò Công', 'Thị xã', 82),
(817, 'Thị xã Cai Lậy', 'Huyện', 82),
(818, 'Huyện Tân Phước', 'Huyện', 82),
(819, 'Huyện Cái Bè', 'Huyện', 82),
(820, 'Huyện Cai Lậy', 'Thị xã', 82),
(821, 'Huyện Châu Thành', 'Huyện', 82),
(822, 'Huyện Chợ Gạo', 'Huyện', 82),
(823, 'Huyện Gò Công Tây', 'Huyện', 82),
(824, 'Huyện Gò Công Đông', 'Huyện', 82),
(825, 'Huyện Tân Phú Đông', 'Huyện', 82),
(829, 'Thành phố Bến Tre', 'Thành phố', 83),
(831, 'Huyện Châu Thành', 'Huyện', 83),
(832, 'Huyện Chợ Lách', 'Huyện', 83),
(833, 'Huyện Mỏ Cày Nam', 'Huyện', 83),
(834, 'Huyện Giồng Trôm', 'Huyện', 83),
(835, 'Huyện Bình Đại', 'Huyện', 83),
(836, 'Huyện Ba Tri', 'Huyện', 83),
(837, 'Huyện Thạnh Phú', 'Huyện', 83),
(838, 'Huyện Mỏ Cày Bắc', 'Huyện', 83),
(842, 'Thành phố Trà Vinh', 'Thành phố', 84),
(844, 'Huyện Càng Long', 'Huyện', 84),
(845, 'Huyện Cầu Kè', 'Huyện', 84),
(846, 'Huyện Tiểu Cần', 'Huyện', 84),
(847, 'Huyện Châu Thành', 'Huyện', 84),
(848, 'Huyện Cầu Ngang', 'Huyện', 84),
(849, 'Huyện Trà Cú', 'Huyện', 84),
(850, 'Huyện Duyên Hải', 'Huyện', 84),
(851, 'Thị xã Duyên Hải', 'Thị xã', 84),
(855, 'Thành phố Vĩnh Long', 'Thành phố', 86),
(857, 'Huyện Long Hồ', 'Huyện', 86),
(858, 'Huyện Mang Thít', 'Huyện', 86),
(859, 'Huyện  Vũng Liêm', 'Huyện', 86),
(860, 'Huyện Tam Bình', 'Huyện', 86),
(861, 'Thị xã Bình Minh', 'Thị xã', 86),
(862, 'Huyện Trà Ôn', 'Huyện', 86),
(863, 'Huyện Bình Tân', 'Huyện', 86),
(866, 'Thành phố Cao Lãnh', 'Thành phố', 87),
(867, 'Thành phố Sa Đéc', 'Thành phố', 87),
(868, 'Thị xã Hồng Ngự', 'Thị xã', 87),
(869, 'Huyện Tân Hồng', 'Huyện', 87),
(870, 'Huyện Hồng Ngự', 'Huyện', 87),
(871, 'Huyện Tam Nông', 'Huyện', 87),
(872, 'Huyện Tháp Mười', 'Huyện', 87),
(873, 'Huyện Cao Lãnh', 'Huyện', 87),
(874, 'Huyện Thanh Bình', 'Huyện', 87),
(875, 'Huyện Lấp Vò', 'Huyện', 87),
(876, 'Huyện Lai Vung', 'Huyện', 87),
(877, 'Huyện Châu Thành', 'Huyện', 87),
(883, 'Thành phố Long Xuyên', 'Thành phố', 89),
(884, 'Thành phố Châu Đốc', 'Thành phố', 89),
(886, 'Huyện An Phú', 'Huyện', 89),
(887, 'Thị xã Tân Châu', 'Thị xã', 89),
(888, 'Huyện Phú Tân', 'Huyện', 89),
(889, 'Huyện Châu Phú', 'Huyện', 89),
(890, 'Huyện Tịnh Biên', 'Huyện', 89),
(891, 'Huyện Tri Tôn', 'Huyện', 89),
(892, 'Huyện Châu Thành', 'Huyện', 89),
(893, 'Huyện Chợ Mới', 'Huyện', 89),
(894, 'Huyện Thoại Sơn', 'Huyện', 89),
(899, 'Thành phố Rạch Giá', 'Thành phố', 91),
(900, 'Thị xã Hà Tiên', 'Thị xã', 91),
(902, 'Huyện Kiên Lương', 'Huyện', 91),
(903, 'Huyện Hòn Đất', 'Huyện', 91),
(904, 'Huyện Tân Hiệp', 'Huyện', 91),
(905, 'Huyện Châu Thành', 'Huyện', 91),
(906, 'Huyện Giồng Riềng', 'Huyện', 91),
(907, 'Huyện Gò Quao', 'Huyện', 91),
(908, 'Huyện An Biên', 'Huyện', 91),
(909, 'Huyện An Minh', 'Huyện', 91),
(910, 'Huyện Vĩnh Thuận', 'Huyện', 91),
(911, 'Huyện Phú Quốc', 'Huyện', 91),
(912, 'Huyện Kiên Hải', 'Huyện', 91),
(913, 'Huyện U Minh Thượng', 'Huyện', 91),
(914, 'Huyện Giang Thành', 'Huyện', 91),
(916, 'Quận Ninh Kiều', 'Quận', 92),
(917, 'Quận Ô Môn', 'Quận', 92),
(918, 'Quận Bình Thuỷ', 'Quận', 92),
(919, 'Quận Cái Răng', 'Quận', 92),
(923, 'Quận Thốt Nốt', 'Quận', 92),
(924, 'Huyện Vĩnh Thạnh', 'Huyện', 92),
(925, 'Huyện Cờ Đỏ', 'Huyện', 92),
(926, 'Huyện Phong Điền', 'Huyện', 92),
(927, 'Huyện Thới Lai', 'Huyện', 92),
(930, 'Thành phố Vị Thanh', 'Thành phố', 93),
(931, 'Thị xã Ngã Bảy', 'Thị xã', 93),
(932, 'Huyện Châu Thành A', 'Huyện', 93),
(933, 'Huyện Châu Thành', 'Huyện', 93),
(934, 'Huyện Phụng Hiệp', 'Huyện', 93),
(935, 'Huyện Vị Thuỷ', 'Huyện', 93),
(936, 'Huyện Long Mỹ', 'Huyện', 93),
(937, 'Thị xã Long Mỹ', 'Thị xã', 93),
(941, 'Thành phố Sóc Trăng', 'Thành phố', 94),
(942, 'Huyện Châu Thành', 'Huyện', 94),
(943, 'Huyện Kế Sách', 'Huyện', 94),
(944, 'Huyện Mỹ Tú', 'Huyện', 94),
(945, 'Huyện Cù Lao Dung', 'Huyện', 94),
(946, 'Huyện Long Phú', 'Huyện', 94),
(947, 'Huyện Mỹ Xuyên', 'Huyện', 94),
(948, 'Thị xã Ngã Năm', 'Thị xã', 94),
(949, 'Huyện Thạnh Trị', 'Huyện', 94),
(950, 'Thị xã Vĩnh Châu', 'Thị xã', 94),
(951, 'Huyện Trần Đề', 'Huyện', 94),
(954, 'Thành phố Bạc Liêu', 'Thành phố', 95),
(956, 'Huyện Hồng Dân', 'Huyện', 95),
(957, 'Huyện Phước Long', 'Huyện', 95),
(958, 'Huyện Vĩnh Lợi', 'Huyện', 95),
(959, 'Thị xã Giá Rai', 'Thị xã', 95),
(960, 'Huyện Đông Hải', 'Huyện', 95),
(961, 'Huyện Hoà Bình', 'Huyện', 95),
(964, 'Thành phố Cà Mau', 'Thành phố', 96),
(966, 'Huyện U Minh', 'Huyện', 96),
(967, 'Huyện Thới Bình', 'Huyện', 96),
(968, 'Huyện Trần Văn Thời', 'Huyện', 96),
(969, 'Huyện Cái Nước', 'Huyện', 96),
(970, 'Huyện Đầm Dơi', 'Huyện', 96),
(971, 'Huyện Năm Căn', 'Huyện', 96),
(972, 'Huyện Phú Tân', 'Huyện', 96),
(973, 'Huyện Ngọc Hiển', 'Huyện', 96);

-- --------------------------------------------------------

--
-- Cấu trúc bảng cho bảng `tbl_rating`
--

CREATE TABLE `tbl_rating` (
  `rating_id` int(11) NOT NULL,
  `product_id` int(11) UNSIGNED NOT NULL,
  `rating` int(11) NOT NULL
) ENGINE=InnoDB DEFAULT CHARSET=utf8;

--
-- Đang đổ dữ liệu cho bảng `tbl_rating`
--

INSERT INTO `tbl_rating` (`rating_id`, `product_id`, `rating`) VALUES
(1, 14, 4),
(2, 14, 5),
(3, 14, 4),
(4, 14, 5),
(5, 14, 5),
(6, 8, 5),
(7, 8, 3),
(8, 21, 3),
(9, 14, 3),
(10, 14, 5);

-- --------------------------------------------------------

--
-- Cấu trúc bảng cho bảng `tbl_shipping`
--

CREATE TABLE `tbl_shipping` (
  `shipping_id` int(10) UNSIGNED NOT NULL,
  `customer_id` int(11) UNSIGNED NOT NULL,
  `shipping_name` varchar(50) COLLATE utf8mb4_unicode_ci NOT NULL,
  `shipping_email` varchar(100) COLLATE utf8mb4_unicode_ci NOT NULL,
  `shipping_phone` varchar(50) COLLATE utf8mb4_unicode_ci NOT NULL,
  `shipping_address` varchar(200) COLLATE utf8mb4_unicode_ci NOT NULL,
  `shipping_message` text COLLATE utf8mb4_unicode_ci NOT NULL,
  `created_at` timestamp NULL DEFAULT NULL,
  `updated_at` timestamp NULL DEFAULT NULL
) ENGINE=InnoDB DEFAULT CHARSET=utf8mb4 COLLATE=utf8mb4_unicode_ci;

--
-- Đang đổ dữ liệu cho bảng `tbl_shipping`
--

INSERT INTO `tbl_shipping` (`shipping_id`, `customer_id`, `shipping_name`, `shipping_email`, `shipping_phone`, `shipping_address`, `shipping_message`, `created_at`, `updated_at`) VALUES
(1, 1, 'Nhật', 'nhat@gmail.com', '19001080', 'Ninh Kiều', 'Good Product', NULL, NULL),
(2, 2, 'Ngọc Bích', 'ngocbich@gmail.com', '012345888', 'Vĩnh Thạnh', 'Good Product', NULL, NULL),
(3, 3, 'Cu Đen', 'cuden@gmail.com', '123456744', 'Cần thơ', 'Nguyễn', NULL, NULL),
(5, 1, 'Nhật', 'nhatkool@gmail.com', '01234568', 'Ninh Kiều', '123', NULL, NULL),
(6, 1, 'Nhật', 'nhat@gmail.com', '19001080', 'Ninh Kiều', 'Giao hàng nhanh nhé', NULL, NULL),
(7, 1, 'Nhật', 'nhat@gmail.com', '19001080', 'Ninh Kiều', 'Giao hàng nhanh nhé', NULL, NULL),
(8, 1, 'Nhật', 'nhat@gmail.com', '19001080', 'Ninh Kiều', 'Giao hàng nhanh nhé', NULL, NULL),
(9, 1, 'Nhật', 'nhat@gmail.com', '19001080', 'Ninh Kiều', 'Giao hàng nhanh nhé', NULL, NULL),
(10, 1, 'Nhật', 'nhat@gmail.com', '19001080', 'Ninh Kiều', 'Good Product', NULL, NULL),
(11, 1, 'Nhật', 'nhat@gmail.com', '1900108012', 'Ninh Kiều', '123', NULL, NULL),
(12, 4, 'phương ly', 'phuongly@gmail.com', '009911111', 'Vĩnh Thạnh', 'Nhớ giao hàng nhé', NULL, '2022-07-20 21:08:28');

-- --------------------------------------------------------

--
-- Cấu trúc bảng cho bảng `tbl_statistical`
--

CREATE TABLE `tbl_statistical` (
  `statistical_id` int(11) NOT NULL,
  `order_date` varchar(100) NOT NULL,
  `sales` varchar(100) NOT NULL,
  `profit` varchar(100) NOT NULL,
  `quantity` int(11) NOT NULL,
  `total_order` int(11) NOT NULL,
  `created_at` timestamp NULL DEFAULT NULL,
  `updated_at` timestamp NULL DEFAULT NULL
) ENGINE=InnoDB DEFAULT CHARSET=utf8;

--
-- Đang đổ dữ liệu cho bảng `tbl_statistical`
--

INSERT INTO `tbl_statistical` (`statistical_id`, `order_date`, `sales`, `profit`, `quantity`, `total_order`, `created_at`, `updated_at`) VALUES
(1, '2022-02-08', '20000000', '7000000', 90, 10, NULL, NULL),
(2, '2022-02-07', '68000000', '9000000', 60, 8, NULL, NULL),
(3, '2022-02-06', '30000000', '3000000', 45, 7, NULL, NULL),
(4, '2022-02-05', '45000000', '3800000', 30, 9, NULL, NULL),
(5, '2022-02-04', '30000000', '1500000', 15, 12, NULL, NULL),
(6, '2022-02-03', '8000000', '700000', 65, 30, NULL, NULL),
(7, '2022-02-02', '28000000', '23000000', 32, 20, NULL, NULL),
(8, '2022-02-01', '25000000', '20000000', 7, 6, NULL, NULL),
(9, '2022-01-31', '36000000', '28000000', 40, 15, NULL, NULL),
(10, '2022-01-30', '50000000', '13000000', 89, 19, NULL, NULL),
(11, '2022-04-01', '20000000', '15000000', 63, 11, NULL, NULL),
(12, '2022-04-02', '25000000', '16000000', 94, 14, NULL, NULL),
(13, '2022-04-03', '32000000', '17000000', 16, 10, NULL, NULL),
(14, '2022-04-04', '33000000', '19000000', 14, 5, NULL, NULL),
(15, '2022-04-05', '36000000', '18000000', 22, 12, NULL, NULL),
(16, '2022-04-06', '34000000', '20000000', 33, 20, NULL, NULL),
(70, '2022-04-18', '151720000', '92643000', 3, 7, '2022-04-18 22:06:17', '2022-04-18 22:12:22'),
(71, '2022-04-19', '8982000', '898200', 2, 1, '2022-04-19 00:42:24', '2022-04-19 00:42:24'),
(72, '2022-05-17', '210660000', '21066000', 3, 5, '2022-05-17 02:11:34', '2022-05-17 02:25:03'),
(73, '2022-05-18', '42558000', '4255800', 2, 2, '2022-05-17 23:39:52', '2022-05-17 23:39:52');

-- --------------------------------------------------------

--
-- Cấu trúc bảng cho bảng `tbl_tinhthanhpho`
--

CREATE TABLE `tbl_tinhthanhpho` (
  `matp` int(10) NOT NULL,
  `name_tp` varchar(100) CHARACTER SET utf8 NOT NULL,
  `type` varchar(30) CHARACTER SET utf8 NOT NULL
) ENGINE=InnoDB DEFAULT CHARSET=latin1 ROW_FORMAT=COMPACT;

--
-- Đang đổ dữ liệu cho bảng `tbl_tinhthanhpho`
--

INSERT INTO `tbl_tinhthanhpho` (`matp`, `name_tp`, `type`) VALUES
(1, 'Thành phố Hà Nội', 'Thành phố Trung ương'),
(2, 'Tỉnh Hà Giang', 'Tỉnh'),
(4, 'Tỉnh Cao Bằng', 'Tỉnh'),
(6, 'Tỉnh Bắc Kạn', 'Tỉnh'),
(8, 'Tỉnh Tuyên Quang', 'Tỉnh'),
(10, 'Tỉnh Lào Cai', 'Tỉnh'),
(11, 'Tỉnh Điện Biên', 'Tỉnh'),
(12, 'Tỉnh Lai Châu', 'Tỉnh'),
(14, 'Tỉnh Sơn La', 'Tỉnh'),
(15, 'Tỉnh Yên Bái', 'Tỉnh'),
(17, 'Tỉnh Hoà Bình', 'Tỉnh'),
(19, 'Tỉnh Thái Nguyên', 'Tỉnh'),
(20, 'Tỉnh Lạng Sơn', 'Tỉnh'),
(22, 'Tỉnh Quảng Ninh', 'Tỉnh'),
(24, 'Tỉnh Bắc Giang', 'Tỉnh'),
(25, 'Tỉnh Phú Thọ', 'Tỉnh'),
(26, 'Tỉnh Vĩnh Phúc', 'Tỉnh'),
(27, 'Tỉnh Bắc Ninh', 'Tỉnh'),
(30, 'Tỉnh Hải Dương', 'Tỉnh'),
(31, 'Thành phố Hải Phòng', 'Thành phố Trung ương'),
(33, 'Tỉnh Hưng Yên', 'Tỉnh'),
(34, 'Tỉnh Thái Bình', 'Tỉnh'),
(35, 'Tỉnh Hà Nam', 'Tỉnh'),
(36, 'Tỉnh Nam Định', 'Tỉnh'),
(37, 'Tỉnh Ninh Bình', 'Tỉnh'),
(38, 'Tỉnh Thanh Hóa', 'Tỉnh'),
(40, 'Tỉnh Nghệ An', 'Tỉnh'),
(42, 'Tỉnh Hà Tĩnh', 'Tỉnh'),
(44, 'Tỉnh Quảng Bình', 'Tỉnh'),
(45, 'Tỉnh Quảng Trị', 'Tỉnh'),
(46, 'Tỉnh Thừa Thiên Huế', 'Tỉnh'),
(48, 'Thành phố Đà Nẵng', 'Thành phố Trung ương'),
(49, 'Tỉnh Quảng Nam', 'Tỉnh'),
(51, 'Tỉnh Quảng Ngãi', 'Tỉnh'),
(52, 'Tỉnh Bình Định', 'Tỉnh'),
(54, 'Tỉnh Phú Yên', 'Tỉnh'),
(56, 'Tỉnh Khánh Hòa', 'Tỉnh'),
(58, 'Tỉnh Ninh Thuận', 'Tỉnh'),
(60, 'Tỉnh Bình Thuận', 'Tỉnh'),
(62, 'Tỉnh Kon Tum', 'Tỉnh'),
(64, 'Tỉnh Gia Lai', 'Tỉnh'),
(66, 'Tỉnh Đắk Lắk', 'Tỉnh'),
(67, 'Tỉnh Đắk Nông', 'Tỉnh'),
(68, 'Tỉnh Lâm Đồng', 'Tỉnh'),
(70, 'Tỉnh Bình Phước', 'Tỉnh'),
(72, 'Tỉnh Tây Ninh', 'Tỉnh'),
(74, 'Tỉnh Bình Dương', 'Tỉnh'),
(75, 'Tỉnh Đồng Nai', 'Tỉnh'),
(77, 'Tỉnh Bà Rịa - Vũng Tàu', 'Tỉnh'),
(79, 'Thành phố Hồ Chí Minh', 'Thành phố Trung ương'),
(80, 'Tỉnh Long An', 'Tỉnh'),
(82, 'Tỉnh Tiền Giang', 'Tỉnh'),
(83, 'Tỉnh Bến Tre', 'Tỉnh'),
(84, 'Tỉnh Trà Vinh', 'Tỉnh'),
(86, 'Tỉnh Vĩnh Long', 'Tỉnh'),
(87, 'Tỉnh Đồng Tháp', 'Tỉnh'),
(89, 'Tỉnh An Giang', 'Tỉnh'),
(91, 'Tỉnh Kiên Giang', 'Tỉnh'),
(92, 'Thành phố Cần Thơ', 'Thành phố Trung ương'),
(93, 'Tỉnh Hậu Giang', 'Tỉnh'),
(94, 'Tỉnh Sóc Trăng', 'Tỉnh'),
(95, 'Tỉnh Bạc Liêu', 'Tỉnh'),
(96, 'Tỉnh Cà Mau', 'Tỉnh');

-- --------------------------------------------------------

--
-- Cấu trúc bảng cho bảng `tbl_visitor`
--

CREATE TABLE `tbl_visitor` (
  `visitor_id` int(11) NOT NULL,
  `ip_address` varchar(50) NOT NULL,
  `date_visitor` varchar(50) NOT NULL,
  `created_at` timestamp NULL DEFAULT NULL,
  `updated_at` timestamp NULL DEFAULT NULL
) ENGINE=InnoDB DEFAULT CHARSET=utf8;

--
-- Đang đổ dữ liệu cho bảng `tbl_visitor`
--

INSERT INTO `tbl_visitor` (`visitor_id`, `ip_address`, `date_visitor`, `created_at`, `updated_at`) VALUES
(1, '::1', '2022-04-18', '2022-04-18 09:14:53', '2022-04-18 09:14:53'),
(2, '129.108.165.5', '2022-04-18', '2022-04-18 09:17:16', '2022-04-18 09:17:16'),
(3, '10.0.0.1', '2022-05-01', NULL, NULL),
(4, '10.0.0.2', '2022-05-02', NULL, NULL),
(5, '10.0.0.3', '2022-05-03', NULL, NULL),
(6, '10.0.0.4', '2022-05-04', NULL, NULL),
(7, '10.0.0.5', '2022-05-05', NULL, NULL),
(8, '10.0.0.6', '2022-04-01', NULL, NULL),
(9, '10.0.0.7', '2022-04-02', NULL, NULL);

-- --------------------------------------------------------

--
-- Cấu trúc bảng cho bảng `tbl_xaphuongthitran`
--

CREATE TABLE `tbl_xaphuongthitran` (
  `xaid` int(10) UNSIGNED NOT NULL,
  `name_xa` varchar(100) CHARACTER SET utf8 NOT NULL,
  `type` varchar(30) CHARACTER SET utf8 NOT NULL,
  `maqh` int(10) UNSIGNED NOT NULL
) ENGINE=InnoDB DEFAULT CHARSET=latin1;

--
-- Đang đổ dữ liệu cho bảng `tbl_xaphuongthitran`
--

INSERT INTO `tbl_xaphuongthitran` (`xaid`, `name_xa`, `type`, `maqh`) VALUES
(1, 'Phường Phúc Xá', 'Phường', 1),
(4, 'Phường Trúc Bạch', 'Phường', 1),
(6, 'Phường Vĩnh Phúc', 'Phường', 1),
(7, 'Phường Cống Vị', 'Phường', 1),
(8, 'Phường Liễu Giai', 'Phường', 1),
(10, 'Phường Nguyễn Trung Trực', 'Phường', 1),
(13, 'Phường Quán Thánh', 'Phường', 1),
(16, 'Phường Ngọc Hà', 'Phường', 1),
(19, 'Phường Điện Biên', 'Phường', 1),
(22, 'Phường Đội Cấn', 'Phường', 1),
(25, 'Phường Ngọc Khánh', 'Phường', 1),
(28, 'Phường Kim Mã', 'Phường', 1),
(31, 'Phường Giảng Võ', 'Phường', 1),
(34, 'Phường Thành Công', 'Phường', 1),
(37, 'Phường Phúc Tân', 'Phường', 2),
(40, 'Phường Đồng Xuân', 'Phường', 2),
(43, 'Phường Hàng Mã', 'Phường', 2),
(46, 'Phường Hàng Buồm', 'Phường', 2),
(49, 'Phường Hàng Đào', 'Phường', 2),
(52, 'Phường Hàng Bồ', 'Phường', 2),
(55, 'Phường Cửa Đông', 'Phường', 2),
(58, 'Phường Lý Thái Tổ', 'Phường', 2),
(61, 'Phường Hàng Bạc', 'Phường', 2),
(64, 'Phường Hàng Gai', 'Phường', 2),
(67, 'Phường Chương Dương Độ', 'Phường', 2),
(70, 'Phường Hàng Trống', 'Phường', 2),
(73, 'Phường Cửa Nam', 'Phường', 2),
(76, 'Phường Hàng Bông', 'Phường', 2),
(79, 'Phường Tràng Tiền', 'Phường', 2),
(82, 'Phường Trần Hưng Đạo', 'Phường', 2),
(85, 'Phường Phan Chu Trinh', 'Phường', 2),
(88, 'Phường Hàng Bài', 'Phường', 2),
(91, 'Phường Phú Thượng', 'Phường', 3),
(94, 'Phường Nhật Tân', 'Phường', 3),
(97, 'Phường Tứ Liên', 'Phường', 3),
(100, 'Phường Quảng An', 'Phường', 3),
(103, 'Phường Xuân La', 'Phường', 3),
(106, 'Phường Yên Phụ', 'Phường', 3),
(109, 'Phường Bưởi', 'Phường', 3),
(112, 'Phường Thụy Khuê', 'Phường', 3),
(115, 'Phường Thượng Thanh', 'Phường', 4),
(118, 'Phường Ngọc Thụy', 'Phường', 4),
(121, 'Phường Giang Biên', 'Phường', 4),
(124, 'Phường Đức Giang', 'Phường', 4),
(127, 'Phường Việt Hưng', 'Phường', 4),
(130, 'Phường Gia Thụy', 'Phường', 4),
(133, 'Phường Ngọc Lâm', 'Phường', 4),
(136, 'Phường Phúc Lợi', 'Phường', 4),
(139, 'Phường Bồ Đề', 'Phường', 4),
(142, 'Phường Sài Đồng', 'Phường', 4),
(145, 'Phường Long Biên', 'Phường', 4),
(148, 'Phường Thạch Bàn', 'Phường', 4),
(151, 'Phường Phúc Đồng', 'Phường', 4),
(154, 'Phường Cự Khối', 'Phường', 4),
(157, 'Phường Nghĩa Đô', 'Phường', 5),
(160, 'Phường Nghĩa Tân', 'Phường', 5),
(163, 'Phường Mai Dịch', 'Phường', 5),
(166, 'Phường Dịch Vọng', 'Phường', 5),
(167, 'Phường Dịch Vọng Hậu', 'Phường', 5),
(169, 'Phường Quan Hoa', 'Phường', 5),
(172, 'Phường Yên Hoà', 'Phường', 5),
(175, 'Phường Trung Hoà', 'Phường', 5),
(178, 'Phường Cát Linh', 'Phường', 6),
(181, 'Phường Văn Miếu', 'Phường', 6),
(184, 'Phường Quốc Tử Giám', 'Phường', 6),
(187, 'Phường Láng Thượng', 'Phường', 6),
(190, 'Phường Ô Chợ Dừa', 'Phường', 6),
(193, 'Phường Văn Chương', 'Phường', 6),
(196, 'Phường Hàng Bột', 'Phường', 6),
(199, 'Phường Láng Hạ', 'Phường', 6),
(202, 'Phường Khâm Thiên', 'Phường', 6),
(205, 'Phường Thổ Quan', 'Phường', 6),
(208, 'Phường Nam Đồng', 'Phường', 6),
(211, 'Phường Trung Phụng', 'Phường', 6),
(214, 'Phường Quang Trung', 'Phường', 6),
(217, 'Phường Trung Liệt', 'Phường', 6),
(220, 'Phường Phương Liên', 'Phường', 6),
(223, 'Phường Thịnh Quang', 'Phường', 6),
(226, 'Phường Trung Tự', 'Phường', 6),
(229, 'Phường Kim Liên', 'Phường', 6),
(232, 'Phường Phương Mai', 'Phường', 6),
(235, 'Phường Ngã Tư Sở', 'Phường', 6),
(238, 'Phường Khương Thượng', 'Phường', 6),
(241, 'Phường Nguyễn Du', 'Phường', 7),
(244, 'Phường Bạch Đằng', 'Phường', 7),
(247, 'Phường Phạm Đình Hổ', 'Phường', 7),
(250, 'Phường Bùi Thị Xuân', 'Phường', 7),
(253, 'Phường Ngô Thì Nhậm', 'Phường', 7),
(256, 'Phường Lê Đại Hành', 'Phường', 7),
(259, 'Phường Đồng Nhân', 'Phường', 7),
(262, 'Phường Phố Huế', 'Phường', 7),
(265, 'Phường Đống Mác', 'Phường', 7),
(268, 'Phường Thanh Lương', 'Phường', 7),
(271, 'Phường Thanh Nhàn', 'Phường', 7),
(274, 'Phường Cầu Dền', 'Phường', 7),
(277, 'Phường Bách Khoa', 'Phường', 7),
(280, 'Phường Đồng Tâm', 'Phường', 7),
(283, 'Phường Vĩnh Tuy', 'Phường', 7),
(286, 'Phường Bạch Mai', 'Phường', 7),
(289, 'Phường Quỳnh Mai', 'Phường', 7),
(292, 'Phường Quỳnh Lôi', 'Phường', 7),
(295, 'Phường Minh Khai', 'Phường', 7),
(298, 'Phường Trương Định', 'Phường', 7),
(301, 'Phường Thanh Trì', 'Phường', 8),
(304, 'Phường Vĩnh Hưng', 'Phường', 8),
(307, 'Phường Định Công', 'Phường', 8),
(310, 'Phường Mai Động', 'Phường', 8),
(313, 'Phường Tương Mai', 'Phường', 8),
(316, 'Phường Đại Kim', 'Phường', 8),
(319, 'Phường Tân Mai', 'Phường', 8),
(322, 'Phường Hoàng Văn Thụ', 'Phường', 8),
(325, 'Phường Giáp Bát', 'Phường', 8),
(328, 'Phường Lĩnh Nam', 'Phường', 8),
(331, 'Phường Thịnh Liệt', 'Phường', 8),
(334, 'Phường Trần Phú', 'Phường', 8),
(337, 'Phường Hoàng Liệt', 'Phường', 8),
(340, 'Phường Yên Sở', 'Phường', 8),
(343, 'Phường Nhân Chính', 'Phường', 9),
(346, 'Phường Thượng Đình', 'Phường', 9),
(349, 'Phường Khương Trung', 'Phường', 9),
(352, 'Phường Khương Mai', 'Phường', 9),
(355, 'Phường Thanh Xuân Trung', 'Phường', 9),
(358, 'Phường Phương Liệt', 'Phường', 9),
(361, 'Phường Hạ Đình', 'Phường', 9),
(364, 'Phường Khương Đình', 'Phường', 9),
(367, 'Phường Thanh Xuân Bắc', 'Phường', 9),
(370, 'Phường Thanh Xuân Nam', 'Phường', 9),
(373, 'Phường Kim Giang', 'Phường', 9),
(376, 'Thị trấn Sóc Sơn', 'Thị trấn', 16),
(379, 'Xã Bắc Sơn', 'Xã', 16),
(382, 'Xã Minh Trí', 'Xã', 16),
(385, 'Xã Hồng Kỳ', 'Xã', 16),
(388, 'Xã Nam Sơn', 'Xã', 16),
(391, 'Xã Trung Giã', 'Xã', 16),
(394, 'Xã Tân Hưng', 'Xã', 16),
(397, 'Xã Minh Phú', 'Xã', 16),
(400, 'Xã Phù Linh', 'Xã', 16),
(403, 'Xã Bắc Phú', 'Xã', 16),
(406, 'Xã Tân Minh', 'Xã', 16),
(409, 'Xã Quang Tiến', 'Xã', 16),
(412, 'Xã Hiền Ninh', 'Xã', 16),
(415, 'Xã Tân Dân', 'Xã', 16),
(418, 'Xã Tiên Dược', 'Xã', 16),
(421, 'Xã Việt Long', 'Xã', 16),
(424, 'Xã Xuân Giang', 'Xã', 16),
(427, 'Xã Mai Đình', 'Xã', 16),
(430, 'Xã Đức Hoà', 'Xã', 16),
(433, 'Xã Thanh Xuân', 'Xã', 16),
(436, 'Xã Đông Xuân', 'Xã', 16),
(439, 'Xã Kim Lũ', 'Xã', 16),
(442, 'Xã Phú Cường', 'Xã', 16),
(445, 'Xã Phú Minh', 'Xã', 16),
(448, 'Xã Phù Lỗ', 'Xã', 16),
(451, 'Xã Xuân Thu', 'Xã', 16),
(454, 'Thị trấn Đông Anh', 'Thị trấn', 17),
(457, 'Xã Xuân Nộn', 'Xã', 17),
(460, 'Xã Thuỵ Lâm', 'Xã', 17),
(463, 'Xã Bắc Hồng', 'Xã', 17),
(466, 'Xã Nguyên Khê', 'Xã', 17),
(469, 'Xã Nam Hồng', 'Xã', 17),
(472, 'Xã Tiên Dương', 'Xã', 17),
(475, 'Xã Vân Hà', 'Xã', 17),
(478, 'Xã Uy Nỗ', 'Xã', 17),
(481, 'Xã Vân Nội', 'Xã', 17),
(484, 'Xã Liên Hà', 'Xã', 17),
(487, 'Xã Việt Hùng', 'Xã', 17),
(490, 'Xã Kim Nỗ', 'Xã', 17),
(493, 'Xã Kim Chung', 'Xã', 17),
(496, 'Xã Dục Tú', 'Xã', 17),
(499, 'Xã Đại Mạch', 'Xã', 17),
(502, 'Xã Vĩnh Ngọc', 'Xã', 17),
(505, 'Xã Cổ Loa', 'Xã', 17),
(508, 'Xã Hải Bối', 'Xã', 17),
(511, 'Xã Xuân Canh', 'Xã', 17),
(514, 'Xã Võng La', 'Xã', 17),
(517, 'Xã Tầm Xá', 'Xã', 17),
(520, 'Xã Mai Lâm', 'Xã', 17),
(523, 'Xã Đông Hội', 'Xã', 17),
(526, 'Thị trấn Yên Viên', 'Thị trấn', 18),
(529, 'Xã Yên Thường', 'Xã', 18),
(532, 'Xã Yên Viên', 'Xã', 18),
(535, 'Xã Ninh Hiệp', 'Xã', 18),
(538, 'Xã Đình Xuyên', 'Xã', 18),
(541, 'Xã Dương Hà', 'Xã', 18),
(544, 'Xã Phù Đổng', 'Xã', 18),
(547, 'Xã Trung Mầu', 'Xã', 18),
(550, 'Xã Lệ Chi', 'Xã', 18),
(553, 'Xã Cổ Bi', 'Xã', 18),
(556, 'Xã Đặng Xá', 'Xã', 18),
(559, 'Xã Phú Thị', 'Xã', 18),
(562, 'Xã Kim Sơn', 'Xã', 18),
(565, 'Thị trấn Trâu Quỳ', 'Thị trấn', 18),
(568, 'Xã Dương Quang', 'Xã', 18),
(571, 'Xã Dương Xá', 'Xã', 18),
(574, 'Xã Đông Dư', 'Xã', 18),
(577, 'Xã Đa Tốn', 'Xã', 18),
(580, 'Xã Kiêu Kỵ', 'Xã', 18),
(583, 'Xã Bát Tràng', 'Xã', 18),
(586, 'Xã Kim Lan', 'Xã', 18),
(589, 'Xã Văn Đức', 'Xã', 18),
(592, 'Phường Cầu Diễn', 'Phường', 19),
(595, 'Phường Thượng Cát', 'Phường', 21),
(598, 'Phường Liên Mạc', 'Phường', 21),
(601, 'Phường Đông Ngạc', 'Phường', 21),
(602, 'Phường Đức Thắng', 'Phường', 21),
(604, 'Phường Thụy Phương', 'Phường', 21),
(607, 'Phường Tây Tựu', 'Phường', 21),
(610, 'Phường Xuân Đỉnh', 'Phường', 21),
(611, 'Phường Xuân Tảo', 'Phường', 21),
(613, 'Phường Minh Khai', 'Phường', 21),
(616, 'Phường Cổ Nhuế 1', 'Phường', 21),
(617, 'Phường Cổ Nhuế 2', 'Phường', 21),
(619, 'Phường Phú Diễn', 'Phường', 21),
(620, 'Phường Phúc Diễn', 'Phường', 21),
(622, 'Phường Xuân Phương', 'Phường', 19),
(623, 'Phường Phương Canh', 'Phường', 19),
(625, 'Phường Mỹ Đình 1', 'Phường', 19),
(626, 'Phường Mỹ Đình 2', 'Phường', 19),
(628, 'Phường Tây Mỗ', 'Phường', 19),
(631, 'Phường Mễ Trì', 'Phường', 19),
(632, 'Phường Phú Đô', 'Phường', 19),
(634, 'Phường Đại Mỗ', 'Phường', 19),
(637, 'Phường Trung Văn', 'Phường', 19),
(640, 'Thị trấn Văn Điển', 'Thị trấn', 20),
(643, 'Xã Tân Triều', 'Xã', 20),
(646, 'Xã Thanh Liệt', 'Xã', 20),
(649, 'Xã Tả Thanh Oai', 'Xã', 20),
(652, 'Xã Hữu Hoà', 'Xã', 20),
(655, 'Xã Tam Hiệp', 'Xã', 20),
(658, 'Xã Tứ Hiệp', 'Xã', 20),
(661, 'Xã Yên Mỹ', 'Xã', 20),
(664, 'Xã Vĩnh Quỳnh', 'Xã', 20),
(667, 'Xã Ngũ Hiệp', 'Xã', 20),
(670, 'Xã Duyên Hà', 'Xã', 20),
(673, 'Xã Ngọc Hồi', 'Xã', 20),
(676, 'Xã Vạn Phúc', 'Xã', 20),
(679, 'Xã Đại áng', 'Xã', 20),
(682, 'Xã Liên Ninh', 'Xã', 20),
(685, 'Xã Đông Mỹ', 'Xã', 20),
(688, 'Phường Quang Trung', 'Phường', 24),
(691, 'Phường Trần Phú', 'Phường', 24),
(692, 'Phường Ngọc Hà', 'Phường', 24),
(694, 'Phường Nguyễn Trãi', 'Phường', 24),
(697, 'Phường Minh Khai', 'Phường', 24),
(700, 'Xã Ngọc Đường', 'Xã', 24),
(703, 'Xã Kim Thạch', 'Xã', 30),
(706, 'Xã Phú Linh', 'Xã', 30),
(709, 'Xã Kim Linh', 'Xã', 30),
(712, 'Thị trấn Phó Bảng', 'Thị trấn', 26),
(715, 'Xã Lũng Cú', 'Xã', 26),
(718, 'Xã Má Lé', 'Xã', 26),
(721, 'Thị trấn Đồng Văn', 'Thị trấn', 26),
(724, 'Xã Lũng Táo', 'Xã', 26),
(727, 'Xã Phố Là', 'Xã', 26),
(730, 'Xã Thài Phìn Tủng', 'Xã', 26),
(733, 'Xã Sủng Là', 'Xã', 26),
(736, 'Xã Xà Phìn', 'Xã', 26),
(739, 'Xã Tả Phìn', 'Xã', 26),
(742, 'Xã Tả Lủng', 'Xã', 26),
(745, 'Xã Phố Cáo', 'Xã', 26),
(748, 'Xã Sính Lủng', 'Xã', 26),
(751, 'Xã Sảng Tủng', 'Xã', 26),
(754, 'Xã Lũng Thầu', 'Xã', 26),
(757, 'Xã Hố Quáng Phìn', 'Xã', 26),
(760, 'Xã Vần Chải', 'Xã', 26),
(763, 'Xã Lũng Phìn', 'Xã', 26),
(766, 'Xã Sủng Trái', 'Xã', 26),
(769, 'Thị trấn Mèo Vạc', 'Thị trấn', 27),
(772, 'Xã Thượng Phùng', 'Xã', 27),
(775, 'Xã Pải Lủng', 'Xã', 27),
(778, 'Xã Xín Cái', 'Xã', 27),
(781, 'Xã Pả Vi', 'Xã', 27),
(784, 'Xã Giàng Chu Phìn', 'Xã', 27),
(787, 'Xã Sủng Trà', 'Xã', 27),
(790, 'Xã Sủng Máng', 'Xã', 27),
(793, 'Xã Sơn Vĩ', 'Xã', 27),
(796, 'Xã Tả Lủng', 'Xã', 27),
(799, 'Xã Cán Chu Phìn', 'Xã', 27),
(802, 'Xã Lũng Pù', 'Xã', 27),
(805, 'Xã Lũng Chinh', 'Xã', 27),
(808, 'Xã Tát Ngà', 'Xã', 27),
(811, 'Xã Nậm Ban', 'Xã', 27),
(814, 'Xã Khâu Vai', 'Xã', 27),
(815, 'Xã Niêm Tòng', 'Xã', 27),
(817, 'Xã Niêm Sơn', 'Xã', 27),
(820, 'Thị trấn Yên Minh', 'Thị trấn', 28),
(823, 'Xã Thắng Mố', 'Xã', 28),
(826, 'Xã Phú Lũng', 'Xã', 28),
(829, 'Xã Sủng Tráng', 'Xã', 28),
(832, 'Xã Bạch Đích', 'Xã', 28),
(835, 'Xã Na Khê', 'Xã', 28),
(838, 'Xã Sủng Thài', 'Xã', 28),
(841, 'Xã Hữu Vinh', 'Xã', 28),
(844, 'Xã Lao Và Chải', 'Xã', 28),
(847, 'Xã Mậu Duệ', 'Xã', 28),
(850, 'Xã Đông Minh', 'Xã', 28),
(853, 'Xã Mậu Long', 'Xã', 28),
(856, 'Xã Ngam La', 'Xã', 28),
(859, 'Xã Ngọc Long', 'Xã', 28),
(862, 'Xã Đường Thượng', 'Xã', 28),
(865, 'Xã Lũng Hồ', 'Xã', 28),
(868, 'Xã Du Tiến', 'Xã', 28),
(871, 'Xã Du Già', 'Xã', 28),
(874, 'Thị trấn Tam Sơn', 'Thị trấn', 29),
(877, 'Xã Bát Đại Sơn', 'Xã', 29),
(880, 'Xã Nghĩa Thuận', 'Xã', 29),
(883, 'Xã Cán Tỷ', 'Xã', 29),
(886, 'Xã Cao Mã Pờ', 'Xã', 29),
(889, 'Xã Thanh Vân', 'Xã', 29),
(892, 'Xã Tùng Vài', 'Xã', 29),
(895, 'Xã Đông Hà', 'Xã', 29),
(898, 'Xã Quản Bạ', 'Xã', 29),
(901, 'Xã Lùng Tám', 'Xã', 29),
(904, 'Xã Quyết Tiến', 'Xã', 29),
(907, 'Xã Tả Ván', 'Xã', 29),
(910, 'Xã Thái An', 'Xã', 29),
(913, 'Thị trấn Vị Xuyên', 'Thị trấn', 30),
(916, 'Thị trấn Nông Trường Việt Lâm', 'Thị trấn', 30),
(919, 'Xã Minh Tân', 'Xã', 30),
(922, 'Xã Thuận Hoà', 'Xã', 30),
(925, 'Xã Tùng Bá', 'Xã', 30),
(928, 'Xã Thanh Thủy', 'Xã', 30),
(931, 'Xã Thanh Đức', 'Xã', 30),
(934, 'Xã Phong Quang', 'Xã', 30),
(937, 'Xã Xín Chải', 'Xã', 30),
(940, 'Xã Phương Tiến', 'Xã', 30),
(943, 'Xã Lao Chải', 'Xã', 30),
(946, 'Xã Phương Độ', 'Xã', 24),
(949, 'Xã Phương Thiện', 'Xã', 24),
(952, 'Xã Cao Bồ', 'Xã', 30),
(955, 'Xã Đạo Đức', 'Xã', 30),
(958, 'Xã Thượng Sơn', 'Xã', 30),
(961, 'Xã Linh Hồ', 'Xã', 30),
(964, 'Xã Quảng Ngần', 'Xã', 30),
(967, 'Xã Việt Lâm', 'Xã', 30),
(970, 'Xã Ngọc Linh', 'Xã', 30),
(973, 'Xã Ngọc Minh', 'Xã', 30),
(976, 'Xã Bạch Ngọc', 'Xã', 30),
(979, 'Xã Trung Thành', 'Xã', 30),
(982, 'Xã Minh Sơn', 'Xã', 31),
(985, 'Xã Giáp Trung', 'Xã', 31),
(988, 'Xã Yên Định', 'Xã', 31),
(991, 'Thị trấn Yên Phú', 'Thị trấn', 31),
(994, 'Xã Minh Ngọc', 'Xã', 31),
(997, 'Xã Yên Phong', 'Xã', 31),
(1000, 'Xã Lạc Nông', 'Xã', 31),
(1003, 'Xã Phú Nam', 'Xã', 31),
(1006, 'Xã Yên Cường', 'Xã', 31),
(1009, 'Xã Thượng Tân', 'Xã', 31),
(1012, 'Xã Đường Âm', 'Xã', 31),
(1015, 'Xã Đường Hồng', 'Xã', 31),
(1018, 'Xã Phiêng Luông', 'Xã', 31),
(1021, 'Thị trấn Vinh Quang', 'Thị trấn', 32),
(1024, 'Xã Bản Máy', 'Xã', 32),
(1027, 'Xã Thàng Tín', 'Xã', 32),
(1030, 'Xã Thèn Chu Phìn', 'Xã', 32),
(1033, 'Xã Pố Lồ', 'Xã', 32),
(1036, 'Xã Bản Phùng', 'Xã', 32),
(1039, 'Xã Túng Sán', 'Xã', 32),
(1042, 'Xã Chiến Phố', 'Xã', 32),
(1045, 'Xã Đản Ván', 'Xã', 32),
(1048, 'Xã Tụ Nhân', 'Xã', 32),
(1051, 'Xã Tân Tiến', 'Xã', 32),
(1054, 'Xã Nàng Đôn', 'Xã', 32),
(1057, 'Xã Pờ Ly Ngài', 'Xã', 32),
(1060, 'Xã Sán Xả Hồ', 'Xã', 32),
(1063, 'Xã Bản Luốc', 'Xã', 32),
(1066, 'Xã Ngàm Đăng Vài', 'Xã', 32),
(1069, 'Xã Bản Nhùng', 'Xã', 32),
(1072, 'Xã Tả Sử Choóng', 'Xã', 32),
(1075, 'Xã Nậm Dịch', 'Xã', 32),
(1078, 'Xã Bản Péo', 'Xã', 32),
(1081, 'Xã Hồ Thầu', 'Xã', 32),
(1084, 'Xã Nam Sơn', 'Xã', 32),
(1087, 'Xã Nậm Tỵ', 'Xã', 32),
(1090, 'Xã Thông Nguyên', 'Xã', 32),
(1093, 'Xã Nậm Khòa', 'Xã', 32),
(1096, 'Thị trấn Cốc Pài', 'Thị trấn', 33),
(1099, 'Xã Nàn Xỉn', 'Xã', 33),
(1102, 'Xã Bản Díu', 'Xã', 33),
(1105, 'Xã Chí Cà', 'Xã', 33),
(1108, 'Xã Xín Mần', 'Xã', 33),
(1111, 'Xã Trung Thịnh', 'Xã', 33),
(1114, 'Xã Thèn Phàng', 'Xã', 33),
(1117, 'Xã Ngán Chiên', 'Xã', 33),
(1120, 'Xã Pà Vầy Sủ', 'Xã', 33),
(1123, 'Xã Cốc Rế', 'Xã', 33),
(1126, 'Xã Thu Tà', 'Xã', 33),
(1129, 'Xã Nàn Ma', 'Xã', 33),
(1132, 'Xã Tả Nhìu', 'Xã', 33),
(1135, 'Xã Bản Ngò', 'Xã', 33),
(1138, 'Xã Chế Là', 'Xã', 33),
(1141, 'Xã Nấm Dẩn', 'Xã', 33),
(1144, 'Xã Quảng Nguyên', 'Xã', 33),
(1147, 'Xã Nà Chì', 'Xã', 33),
(1150, 'Xã Khuôn Lùng', 'Xã', 33),
(1153, 'Thị trấn Việt Quang', 'Thị trấn', 34),
(1156, 'Thị trấn Vĩnh Tuy', 'Thị trấn', 34),
(1159, 'Xã Tân Lập', 'Xã', 34),
(1162, 'Xã Tân Thành', 'Xã', 34),
(1165, 'Xã Đồng Tiến', 'Xã', 34),
(1168, 'Xã Đồng Tâm', 'Xã', 34),
(1171, 'Xã Tân Quang', 'Xã', 34),
(1174, 'Xã Thượng Bình', 'Xã', 34),
(1177, 'Xã Hữu Sản', 'Xã', 34),
(1180, 'Xã Kim Ngọc', 'Xã', 34),
(1183, 'Xã Việt Vinh', 'Xã', 34),
(1186, 'Xã Bằng Hành', 'Xã', 34),
(1189, 'Xã Quang Minh', 'Xã', 34),
(1192, 'Xã Liên Hiệp', 'Xã', 34),
(1195, 'Xã Vô Điếm', 'Xã', 34),
(1198, 'Xã Việt Hồng', 'Xã', 34),
(1201, 'Xã Hùng An', 'Xã', 34),
(1204, 'Xã Đức Xuân', 'Xã', 34),
(1207, 'Xã Tiên Kiều', 'Xã', 34),
(1210, 'Xã Vĩnh Hảo', 'Xã', 34),
(1213, 'Xã Vĩnh Phúc', 'Xã', 34),
(1216, 'Xã Đồng Yên', 'Xã', 34),
(1219, 'Xã Đông Thành', 'Xã', 34),
(1222, 'Xã Xuân Minh', 'Xã', 35),
(1225, 'Xã Tiên Nguyên', 'Xã', 35),
(1228, 'Xã Tân Nam', 'Xã', 35),
(1231, 'Xã Bản Rịa', 'Xã', 35),
(1234, 'Xã Yên Thành', 'Xã', 35),
(1237, 'Thị trấn Yên Bình', 'Thị trấn', 35),
(1240, 'Xã Tân Trịnh', 'Xã', 35),
(1243, 'Xã Tân Bắc', 'Xã', 35),
(1246, 'Xã Bằng Lang', 'Xã', 35),
(1249, 'Xã Yên Hà', 'Xã', 35),
(1252, 'Xã Hương Sơn', 'Xã', 35),
(1255, 'Xã Xuân Giang', 'Xã', 35),
(1258, 'Xã Nà Khương', 'Xã', 35),
(1261, 'Xã Tiên Yên', 'Xã', 35),
(1264, 'Xã Vĩ Thượng', 'Xã', 35),
(1267, 'Phường Sông Hiến', 'Phường', 40),
(1270, 'Phường Sông Bằng', 'Phường', 40),
(1273, 'Phường Hợp Giang', 'Phường', 40),
(1276, 'Phường Tân Giang', 'Phường', 40),
(1279, 'Phường Ngọc Xuân', 'Phường', 40),
(1282, 'Phường Đề Thám', 'Phường', 40),
(1285, 'Phường Hoà Chung', 'Phường', 40),
(1288, 'Phường Duyệt Trung', 'Phường', 40),
(1290, 'Thị trấn Pác Miầu', 'Thị trấn', 42),
(1291, 'Xã Đức Hạnh', 'Xã', 42),
(1294, 'Xã Lý Bôn', 'Xã', 42),
(1296, 'Xã Nam Cao', 'Xã', 42),
(1297, 'Xã Nam Quang', 'Xã', 42),
(1300, 'Xã Vĩnh Quang', 'Xã', 42),
(1303, 'Xã Quảng Lâm', 'Xã', 42),
(1304, 'Xã Thạch Lâm', 'Xã', 42),
(1306, 'Xã Tân Việt', 'Xã', 42),
(1309, 'Xã Vĩnh Phong', 'Xã', 42),
(1312, 'Xã Mông Ân', 'Xã', 42),
(1315, 'Xã Thái Học', 'Xã', 42),
(1316, 'Xã Thái Sơn', 'Xã', 42),
(1318, 'Xã Yên Thổ', 'Xã', 42),
(1321, 'Thị trấn Bảo Lạc', 'Thị trấn', 43),
(1324, 'Xã Cốc Pàng', 'Xã', 43),
(1327, 'Xã Thượng Hà', 'Xã', 43),
(1330, 'Xã Cô Ba', 'Xã', 43),
(1333, 'Xã Bảo Toàn', 'Xã', 43),
(1336, 'Xã Khánh Xuân', 'Xã', 43),
(1339, 'Xã Xuân Trường', 'Xã', 43),
(1342, 'Xã Hồng Trị', 'Xã', 43),
(1343, 'Xã Kim Cúc', 'Xã', 43),
(1345, 'Xã Phan Thanh', 'Xã', 43),
(1348, 'Xã Hồng An', 'Xã', 43),
(1351, 'Xã Hưng Đạo', 'Xã', 43),
(1352, 'Xã Hưng Thịnh', 'Xã', 43),
(1354, 'Xã Huy Giáp', 'Xã', 43),
(1357, 'Xã Đình Phùng', 'Xã', 43),
(1359, 'Xã Sơn Lập', 'Xã', 43),
(1360, 'Xã Sơn Lộ', 'Xã', 43),
(1363, 'Thị trấn Thông Nông', 'Thị trấn', 44),
(1366, 'Xã Cần Yên', 'Xã', 44),
(1367, 'Xã Cần Nông', 'Xã', 44),
(1369, 'Xã Vị Quang', 'Xã', 44),
(1372, 'Xã Lương Thông', 'Xã', 44),
(1375, 'Xã Đa Thông', 'Xã', 44),
(1378, 'Xã Ngọc Động', 'Xã', 44),
(1381, 'Xã Yên Sơn', 'Xã', 44),
(1384, 'Xã Lương Can', 'Xã', 44),
(1387, 'Xã Thanh Long', 'Xã', 44),
(1390, 'Xã Bình Lãng', 'Xã', 44),
(1392, 'Thị trấn Xuân Hòa', 'Thị trấn', 45),
(1393, 'Xã Lũng Nặm', 'Xã', 45),
(1396, 'Xã Kéo Yên', 'Xã', 45),
(1399, 'Xã Trường Hà', 'Xã', 45),
(1402, 'Xã Vân An', 'Xã', 45),
(1405, 'Xã Cải Viên', 'Xã', 45),
(1408, 'Xã Nà Sác', 'Xã', 45),
(1411, 'Xã Nội Thôn', 'Xã', 45),
(1414, 'Xã Tổng Cọt', 'Xã', 45),
(1417, 'Xã Sóc Hà', 'Xã', 45),
(1420, 'Xã Thượng Thôn', 'Xã', 45),
(1423, 'Xã Vần Dính', 'Xã', 45),
(1426, 'Xã Hồng Sĩ', 'Xã', 45),
(1429, 'Xã Sĩ Hai', 'Xã', 45),
(1432, 'Xã Quý Quân', 'Xã', 45),
(1435, 'Xã Mã Ba', 'Xã', 45),
(1438, 'Xã Phù Ngọc', 'Xã', 45),
(1441, 'Xã Đào Ngạn', 'Xã', 45),
(1444, 'Xã Hạ Thôn', 'Xã', 45),
(1447, 'Thị trấn Hùng Quốc', 'Thị trấn', 46),
(1450, 'Xã Cô Mười', 'Xã', 46),
(1453, 'Xã Tri Phương', 'Xã', 46),
(1456, 'Xã Quang Hán', 'Xã', 46),
(1459, 'Xã Quang Vinh', 'Xã', 46),
(1462, 'Xã Xuân Nội', 'Xã', 46),
(1465, 'Xã Quang Trung', 'Xã', 46),
(1468, 'Xã Lưu Ngọc', 'Xã', 46),
(1471, 'Xã Cao Chương', 'Xã', 46),
(1474, 'Xã Quốc Toản', 'Xã', 46),
(1477, 'Thị trấn Trùng Khánh', 'Thị trấn', 47),
(1480, 'Xã Ngọc Khê', 'Xã', 47),
(1481, 'Xã Ngọc Côn', 'Xã', 47),
(1483, 'Xã Phong Nậm', 'Xã', 47),
(1486, 'Xã Ngọc Chung', 'Xã', 47),
(1489, 'Xã Đình Phong', 'Xã', 47),
(1492, 'Xã Lăng Yên', 'Xã', 47),
(1495, 'Xã Đàm Thuỷ', 'Xã', 47),
(1498, 'Xã Khâm Thành', 'Xã', 47),
(1501, 'Xã Chí Viễn', 'Xã', 47),
(1504, 'Xã Lăng Hiếu', 'Xã', 47),
(1507, 'Xã Phong Châu', 'Xã', 47),
(1510, 'Xã Đình Minh', 'Xã', 47),
(1513, 'Xã Cảnh Tiên', 'Xã', 47),
(1516, 'Xã Trung Phúc', 'Xã', 47),
(1519, 'Xã Cao Thăng', 'Xã', 47),
(1522, 'Xã Đức Hồng', 'Xã', 47),
(1525, 'Xã Thông Hoè', 'Xã', 47),
(1528, 'Xã Thân Giáp', 'Xã', 47),
(1531, 'Xã Đoài Côn', 'Xã', 47),
(1534, 'Xã Minh Long', 'Xã', 48),
(1537, 'Xã Lý Quốc', 'Xã', 48),
(1540, 'Xã Thắng Lợi', 'Xã', 48),
(1543, 'Xã Đồng Loan', 'Xã', 48),
(1546, 'Xã Đức Quang', 'Xã', 48),
(1549, 'Xã Kim Loan', 'Xã', 48),
(1552, 'Xã Quang Long', 'Xã', 48),
(1555, 'Xã An Lạc', 'Xã', 48),
(1558, 'Thị trấn Thanh Nhật', 'Thị trấn', 48),
(1561, 'Xã Vinh Quý', 'Xã', 48),
(1564, 'Xã Việt Chu', 'Xã', 48),
(1567, 'Xã Cô Ngân', 'Xã', 48),
(1570, 'Xã Thái Đức', 'Xã', 48),
(1573, 'Xã Thị Hoa', 'Xã', 48),
(1576, 'Thị trấn Quảng Uyên', 'Thị trấn', 49),
(1579, 'Xã Phi Hải', 'Xã', 49),
(1582, 'Xã Quảng Hưng', 'Xã', 49),
(1585, 'Xã Bình Lăng', 'Xã', 49),
(1588, 'Xã Quốc Dân', 'Xã', 49),
(1591, 'Xã Quốc Phong', 'Xã', 49),
(1594, 'Xã Độc Lập', 'Xã', 49),
(1597, 'Xã Cai Bộ', 'Xã', 49),
(1600, 'Xã Đoài Khôn', 'Xã', 49),
(1603, 'Xã Phúc Sen', 'Xã', 49),
(1606, 'Xã Chí Thảo', 'Xã', 49),
(1609, 'Xã Tự Do', 'Xã', 49),
(1612, 'Xã Hồng Định', 'Xã', 49),
(1615, 'Xã Hồng Quang', 'Xã', 49),
(1618, 'Xã Ngọc Động', 'Xã', 49),
(1621, 'Xã Hoàng Hải', 'Xã', 49),
(1624, 'Xã Hạnh Phúc', 'Xã', 49),
(1627, 'Thị trấn Tà Lùng', 'Thị trấn', 50),
(1630, 'Xã Triệu ẩu', 'Xã', 50),
(1633, 'Xã Hồng Đại', 'Xã', 50),
(1636, 'Xã Cách Linh', 'Xã', 50),
(1639, 'Xã Đại Sơn', 'Xã', 50),
(1642, 'Xã Lương Thiện', 'Xã', 50),
(1645, 'Xã Tiên Thành', 'Xã', 50),
(1648, 'Thị trấn Hoà Thuận', 'Thị trấn', 50),
(1651, 'Xã Mỹ Hưng', 'Xã', 50),
(1654, 'Thị trấn Nước Hai', 'Thị trấn', 51),
(1657, 'Xã Dân Chủ', 'Xã', 51),
(1660, 'Xã Nam Tuấn', 'Xã', 51),
(1663, 'Xã Đức Xuân', 'Xã', 51),
(1666, 'Xã Đại Tiến', 'Xã', 51),
(1669, 'Xã Đức Long', 'Xã', 51),
(1672, 'Xã Ngũ Lão', 'Xã', 51),
(1675, 'Xã Trương Lương', 'Xã', 51),
(1678, 'Xã Bình Long', 'Xã', 51),
(1681, 'Xã Nguyễn Huệ', 'Xã', 51),
(1684, 'Xã Công Trừng', 'Xã', 51),
(1687, 'Xã Hồng Việt', 'Xã', 51),
(1690, 'Xã Bế Triều', 'Xã', 51),
(1693, 'Xã Vĩnh Quang', 'Xã', 40),
(1696, 'Xã Hoàng Tung', 'Xã', 51),
(1699, 'Xã Trương Vương', 'Xã', 51),
(1702, 'Xã Quang Trung', 'Xã', 51),
(1705, 'Xã Hưng Đạo', 'Xã', 40),
(1708, 'Xã Bạch Đằng', 'Xã', 51),
(1711, 'Xã Bình Dương', 'Xã', 51),
(1714, 'Xã Lê Chung', 'Xã', 51),
(1717, 'Xã Hà Trì', 'Xã', 51),
(1720, 'Xã Chu Trinh', 'Xã', 40),
(1723, 'Xã Hồng Nam', 'Xã', 51),
(1726, 'Thị trấn Nguyên Bình', 'Thị trấn', 52),
(1729, 'Thị trấn Tĩnh Túc', 'Thị trấn', 52),
(1732, 'Xã Yên Lạc', 'Xã', 52),
(1735, 'Xã Triệu Nguyên', 'Xã', 52),
(1738, 'Xã Ca Thành', 'Xã', 52),
(1741, 'Xã Thái Học', 'Xã', 52),
(1744, 'Xã Vũ Nông', 'Xã', 52),
(1747, 'Xã Minh Tâm', 'Xã', 52),
(1750, 'Xã Thể Dục', 'Xã', 52),
(1753, 'Xã Bắc Hợp', 'Xã', 52),
(1756, 'Xã Mai Long', 'Xã', 52),
(1759, 'Xã Lang Môn', 'Xã', 52),
(1762, 'Xã Minh Thanh', 'Xã', 52),
(1765, 'Xã Hoa Thám', 'Xã', 52),
(1768, 'Xã Phan Thanh', 'Xã', 52),
(1771, 'Xã Quang Thành', 'Xã', 52),
(1774, 'Xã Tam Kim', 'Xã', 52),
(1777, 'Xã Thành Công', 'Xã', 52),
(1780, 'Xã Thịnh Vượng', 'Xã', 52),
(1783, 'Xã Hưng Đạo', 'Xã', 52),
(1786, 'Thị trấn Đông Khê', 'Thị trấn', 53),
(1789, 'Xã Canh Tân', 'Xã', 53),
(1792, 'Xã Kim Đồng', 'Xã', 53),
(1795, 'Xã Minh Khai', 'Xã', 53),
(1798, 'Xã Thị Ngân', 'Xã', 53),
(1801, 'Xã Đức Thông', 'Xã', 53),
(1804, 'Xã Thái Cường', 'Xã', 53),
(1807, 'Xã Vân Trình', 'Xã', 53),
(1810, 'Xã Thụy Hùng', 'Xã', 53),
(1813, 'Xã Quang Trọng', 'Xã', 53),
(1816, 'Xã Trọng Con', 'Xã', 53),
(1819, 'Xã Lê Lai', 'Xã', 53),
(1822, 'Xã Đức Long', 'Xã', 53),
(1825, 'Xã Danh Sỹ', 'Xã', 53),
(1828, 'Xã Lê Lợi', 'Xã', 53),
(1831, 'Xã Đức Xuân', 'Xã', 53),
(1834, 'Phường Nguyễn Thị Minh Khai', 'Phường', 58),
(1837, 'Phường Sông Cầu', 'Phường', 58),
(1840, 'Phường Đức Xuân', 'Phường', 58),
(1843, 'Phường Phùng Chí Kiên', 'Phường', 58),
(1846, 'Phường Huyền Tụng', 'Phường', 58),
(1849, 'Xã Dương Quang', 'Xã', 58),
(1852, 'Xã Nông Thượng', 'Xã', 58),
(1855, 'Phường Xuất Hóa', 'Phường', 58),
(1858, 'Xã Bằng Thành', 'Xã', 60),
(1861, 'Xã Nhạn Môn', 'Xã', 60),
(1864, 'Xã Bộc Bố', 'Xã', 60),
(1867, 'Xã Công Bằng', 'Xã', 60),
(1870, 'Xã Giáo Hiệu', 'Xã', 60),
(1873, 'Xã Xuân La', 'Xã', 60),
(1876, 'Xã An Thắng', 'Xã', 60),
(1879, 'Xã Cổ Linh', 'Xã', 60),
(1882, 'Xã Nghiên Loan', 'Xã', 60),
(1885, 'Xã Cao Tân', 'Xã', 60),
(1888, 'Thị trấn Chợ Rã', 'Thị trấn', 61),
(1891, 'Xã Bành Trạch', 'Xã', 61),
(1894, 'Xã Phúc Lộc', 'Xã', 61),
(1897, 'Xã Hà Hiệu', 'Xã', 61),
(1900, 'Xã Cao Thượng', 'Xã', 61),
(1903, 'Xã Cao Trĩ', 'Xã', 61),
(1906, 'Xã Khang Ninh', 'Xã', 61),
(1909, 'Xã Nam Mẫu', 'Xã', 61),
(1912, 'Xã Thượng Giáo', 'Xã', 61),
(1915, 'Xã Địa Linh', 'Xã', 61),
(1918, 'Xã Yến Dương', 'Xã', 61),
(1921, 'Xã Chu Hương', 'Xã', 61),
(1924, 'Xã Quảng Khê', 'Xã', 61),
(1927, 'Xã Mỹ Phương', 'Xã', 61),
(1930, 'Xã Hoàng Trĩ', 'Xã', 61),
(1933, 'Xã Đồng Phúc', 'Xã', 61),
(1936, 'Thị trấn Nà Phặc', 'Thị trấn', 62),
(1939, 'Xã Thượng Ân', 'Xã', 62),
(1942, 'Xã Bằng Vân', 'Xã', 62),
(1945, 'Xã Cốc Đán', 'Xã', 62),
(1948, 'Xã Trung Hoà', 'Xã', 62),
(1951, 'Xã Đức Vân', 'Xã', 62),
(1954, 'Xã Vân Tùng', 'Xã', 62),
(1957, 'Xã Thượng Quan', 'Xã', 62),
(1960, 'Xã Lãng Ngâm', 'Xã', 62),
(1963, 'Xã Thuần Mang', 'Xã', 62),
(1966, 'Xã Hương Nê', 'Xã', 62),
(1969, 'Thị trấn Phủ Thông', 'Thị trấn', 63),
(1972, 'Xã Phương Linh', 'Xã', 63),
(1975, 'Xã Vi Hương', 'Xã', 63),
(1978, 'Xã Sĩ Bình', 'Xã', 63),
(1981, 'Xã Vũ Muộn', 'Xã', 63),
(1984, 'Xã Đôn Phong', 'Xã', 63),
(1987, 'Xã Tú Trĩ', 'Xã', 63),
(1990, 'Xã Lục Bình', 'Xã', 63),
(1993, 'Xã Tân Tiến', 'Xã', 63),
(1996, 'Xã Quân Bình', 'Xã', 63),
(1999, 'Xã Nguyên Phúc', 'Xã', 63),
(2002, 'Xã Cao Sơn', 'Xã', 63),
(2005, 'Xã Hà Vị', 'Xã', 63),
(2008, 'Xã Cẩm Giàng', 'Xã', 63),
(2011, 'Xã Mỹ Thanh', 'Xã', 63),
(2014, 'Xã Dương Phong', 'Xã', 63),
(2017, 'Xã Quang Thuận', 'Xã', 63),
(2020, 'Thị trấn Bằng Lũng', 'Thị trấn', 64),
(2023, 'Xã Xuân Lạc', 'Xã', 64),
(2026, 'Xã Nam Cường', 'Xã', 64),
(2029, 'Xã Đồng Lạc', 'Xã', 64),
(2032, 'Xã Tân Lập', 'Xã', 64),
(2035, 'Xã Bản Thi', 'Xã', 64),
(2038, 'Xã Quảng Bạch', 'Xã', 64),
(2041, 'Xã Bằng Phúc', 'Xã', 64),
(2044, 'Xã Yên Thịnh', 'Xã', 64),
(2047, 'Xã Yên Thượng', 'Xã', 64),
(2050, 'Xã Phương Viên', 'Xã', 64),
(2053, 'Xã Ngọc Phái', 'Xã', 64),
(2056, 'Xã Rã Bản', 'Xã', 64),
(2059, 'Xã Đông Viên', 'Xã', 64),
(2062, 'Xã Lương Bằng', 'Xã', 64),
(2065, 'Xã Bằng Lãng', 'Xã', 64),
(2068, 'Xã Đại Sảo', 'Xã', 64),
(2071, 'Xã Nghĩa Tá', 'Xã', 64),
(2074, 'Xã Phong Huân', 'Xã', 64),
(2077, 'Xã Yên Mỹ', 'Xã', 64),
(2080, 'Xã Bình Trung', 'Xã', 64),
(2083, 'Xã Yên Nhuận', 'Xã', 64),
(2086, 'Thị trấn Chợ Mới', 'Thị trấn', 65),
(2089, 'Xã Tân Sơn', 'Xã', 65),
(2092, 'Xã Thanh Vận', 'Xã', 65),
(2095, 'Xã Mai Lạp', 'Xã', 65),
(2098, 'Xã Hoà Mục', 'Xã', 65),
(2101, 'Xã Thanh Mai', 'Xã', 65),
(2104, 'Xã Cao Kỳ', 'Xã', 65),
(2107, 'Xã Nông Hạ', 'Xã', 65),
(2110, 'Xã Yên Cư', 'Xã', 65),
(2113, 'Xã Nông Thịnh', 'Xã', 65),
(2116, 'Xã Yên Hân', 'Xã', 65),
(2119, 'Xã Thanh Bình', 'Xã', 65),
(2122, 'Xã Như Cố', 'Xã', 65),
(2125, 'Xã Bình Văn', 'Xã', 65),
(2128, 'Xã Yên Đĩnh', 'Xã', 65),
(2131, 'Xã Quảng Chu', 'Xã', 65),
(2134, 'Thị trấn Yến Lạc', 'Thị trấn', 66),
(2137, 'Xã Vũ Loan', 'Xã', 66),
(2140, 'Xã Lạng San', 'Xã', 66),
(2143, 'Xã Lương Thượng', 'Xã', 66),
(2146, 'Xã Kim Hỷ', 'Xã', 66),
(2149, 'Xã Văn Học', 'Xã', 66),
(2152, 'Xã Cường Lợi', 'Xã', 66),
(2155, 'Xã Lương Hạ', 'Xã', 66),
(2158, 'Xã Kim Lư', 'Xã', 66),
(2161, 'Xã Lương Thành', 'Xã', 66),
(2164, 'Xã Ân Tình', 'Xã', 66),
(2167, 'Xã Lam Sơn', 'Xã', 66),
(2170, 'Xã Văn Minh', 'Xã', 66),
(2173, 'Xã Côn Minh', 'Xã', 66),
(2176, 'Xã Cư Lễ', 'Xã', 66),
(2179, 'Xã Hữu Thác', 'Xã', 66),
(2182, 'Xã Hảo Nghĩa', 'Xã', 66),
(2185, 'Xã Quang Phong', 'Xã', 66),
(2188, 'Xã Dương Sơn', 'Xã', 66),
(2191, 'Xã Xuân Dương', 'Xã', 66),
(2194, 'Xã Đổng Xá', 'Xã', 66),
(2197, 'Xã Liêm Thuỷ', 'Xã', 66),
(2200, 'Phường Phan Thiết', 'Phường', 70),
(2203, 'Phường Minh Xuân', 'Phường', 70),
(2206, 'Phường Tân Quang', 'Phường', 70),
(2209, 'Xã Tràng Đà', 'Xã', 70),
(2212, 'Phường Nông Tiến', 'Phường', 70),
(2215, 'Phường Ỷ La', 'Phường', 70),
(2216, 'Phường Tân Hà', 'Phường', 70),
(2218, 'Phường Hưng Thành', 'Phường', 70),
(2221, 'Thị trấn Nà Hang', 'Thị trấn', 72),
(2227, 'Xã Sinh Long', 'Xã', 72),
(2230, 'Xã Thượng Giáp', 'Xã', 72),
(2233, 'Xã Phúc Yên', 'Xã', 71),
(2239, 'Xã Thượng Nông', 'Xã', 72),
(2242, 'Xã Xuân Lập', 'Xã', 71),
(2245, 'Xã Côn Lôn', 'Xã', 72),
(2248, 'Xã Yên Hoa', 'Xã', 72),
(2251, 'Xã Khuôn Hà', 'Xã', 71),
(2254, 'Xã Hồng Thái', 'Xã', 72),
(2260, 'Xã Đà Vị', 'Xã', 72),
(2263, 'Xã Khau Tinh', 'Xã', 72),
(2266, 'Xã Lăng Can', 'Xã', 71),
(2269, 'Xã Thượng Lâm', 'Xã', 71),
(2275, 'Xã Sơn Phú', 'Xã', 72),
(2281, 'Xã Năng Khả', 'Xã', 72),
(2284, 'Xã Thanh Tương', 'Xã', 72),
(2287, 'Thị trấn Vĩnh Lộc', 'Thị trấn', 73),
(2290, 'Xã Bình An', 'Xã', 71),
(2293, 'Xã Hồng Quang', 'Xã', 71),
(2296, 'Xã Thổ Bình', 'Xã', 71),
(2299, 'Xã Phúc Sơn', 'Xã', 73),
(2302, 'Xã Minh Quang', 'Xã', 73),
(2305, 'Xã Trung Hà', 'Xã', 73),
(2308, 'Xã Tân Mỹ', 'Xã', 73),
(2311, 'Xã Hà Lang', 'Xã', 73),
(2314, 'Xã Hùng Mỹ', 'Xã', 73),
(2317, 'Xã Yên Lập', 'Xã', 73),
(2320, 'Xã Tân An', 'Xã', 73),
(2323, 'Xã Bình Phú', 'Xã', 73),
(2326, 'Xã Xuân Quang', 'Xã', 73),
(2329, 'Xã Ngọc Hội', 'Xã', 73),
(2332, 'Xã Phú Bình', 'Xã', 73),
(2335, 'Xã Hòa Phú', 'Xã', 73),
(2338, 'Xã Phúc Thịnh', 'Xã', 73),
(2341, 'Xã Kiên Đài', 'Xã', 73),
(2344, 'Xã Tân Thịnh', 'Xã', 73),
(2347, 'Xã Trung Hòa', 'Xã', 73),
(2350, 'Xã Kim Bình', 'Xã', 73),
(2353, 'Xã Hòa An', 'Xã', 73),
(2356, 'Xã Vinh Quang', 'Xã', 73),
(2359, 'Xã Tri Phú', 'Xã', 73),
(2362, 'Xã Nhân Lý', 'Xã', 73),
(2365, 'Xã Yên Nguyên', 'Xã', 73),
(2368, 'Xã Linh Phú', 'Xã', 73),
(2371, 'Xã Bình Nhân', 'Xã', 73),
(2374, 'Thị trấn Tân Yên', 'Thị trấn', 74),
(2377, 'Xã Yên Thuận', 'Xã', 74),
(2380, 'Xã Bạch Xa', 'Xã', 74),
(2383, 'Xã Minh Khương', 'Xã', 74),
(2386, 'Xã Yên Lâm', 'Xã', 74),
(2389, 'Xã Minh Dân', 'Xã', 74),
(2392, 'Xã Phù Lưu', 'Xã', 74),
(2395, 'Xã Minh Hương', 'Xã', 74),
(2398, 'Xã Yên Phú', 'Xã', 74),
(2401, 'Xã Tân Thành', 'Xã', 74),
(2404, 'Xã Bình Xa', 'Xã', 74),
(2407, 'Xã Thái Sơn', 'Xã', 74),
(2410, 'Xã Nhân Mục', 'Xã', 74),
(2413, 'Xã Thành Long', 'Xã', 74),
(2416, 'Xã Bằng Cốc', 'Xã', 74),
(2419, 'Xã Thái Hòa', 'Xã', 74),
(2422, 'Xã Đức Ninh', 'Xã', 74),
(2425, 'Xã Hùng Đức', 'Xã', 74),
(2428, 'Thị trấn Tân Bình', 'Thị trấn', 75),
(2431, 'Xã Quí Quân', 'Xã', 75),
(2434, 'Xã Lực Hành', 'Xã', 75),
(2437, 'Xã Kiến Thiết', 'Xã', 75),
(2440, 'Xã Trung Minh', 'Xã', 75),
(2443, 'Xã Chiêu Yên', 'Xã', 75),
(2446, 'Xã Trung Trực', 'Xã', 75),
(2449, 'Xã Xuân Vân', 'Xã', 75),
(2452, 'Xã Phúc Ninh', 'Xã', 75),
(2455, 'Xã Hùng Lợi', 'Xã', 75),
(2458, 'Xã Trung Sơn', 'Xã', 75),
(2461, 'Xã Tân Tiến', 'Xã', 75),
(2464, 'Xã Tứ Quận', 'Xã', 75),
(2467, 'Xã Đạo Viện', 'Xã', 75),
(2470, 'Xã Tân Long', 'Xã', 75),
(2473, 'Xã Thắng Quân', 'Xã', 75),
(2476, 'Xã Kim Quan', 'Xã', 75),
(2479, 'Xã Lang Quán', 'Xã', 75),
(2482, 'Xã Phú Thịnh', 'Xã', 75),
(2485, 'Xã Công Đa', 'Xã', 75),
(2488, 'Xã Trung Môn', 'Xã', 75),
(2491, 'Xã Chân Sơn', 'Xã', 75),
(2494, 'Xã Thái Bình', 'Xã', 75),
(2497, 'Xã Kim Phú', 'Xã', 75),
(2500, 'Xã Tiến Bộ', 'Xã', 75),
(2503, 'Xã An Khang', 'Xã', 70),
(2506, 'Xã Mỹ Bằng', 'Xã', 75),
(2509, 'Xã Phú Lâm', 'Xã', 75),
(2512, 'Xã An Tường', 'Xã', 70),
(2515, 'Xã Lưỡng Vượng', 'Xã', 70),
(2518, 'Xã Hoàng Khai', 'Xã', 75),
(2521, 'Xã Thái Long', 'Xã', 70),
(2524, 'Xã Đội Cấn', 'Xã', 70),
(2527, 'Xã Nhữ Hán', 'Xã', 75),
(2530, 'Xã Nhữ Khê', 'Xã', 75),
(2533, 'Xã Đội Bình', 'Xã', 75),
(2536, 'Thị trấn Sơn Dương', 'Thị trấn', 76),
(2539, 'Xã Trung Yên', 'Xã', 76),
(2542, 'Xã Minh Thanh', 'Xã', 76),
(2545, 'Xã Tân Trào', 'Xã', 76),
(2548, 'Xã Vĩnh Lợi', 'Xã', 76),
(2551, 'Xã Thượng Ấm', 'Xã', 76),
(2554, 'Xã Bình Yên', 'Xã', 76),
(2557, 'Xã Lương Thiện', 'Xã', 76),
(2560, 'Xã Tú Thịnh', 'Xã', 76),
(2563, 'Xã Cấp Tiến', 'Xã', 76),
(2566, 'Xã Hợp Thành', 'Xã', 76),
(2569, 'Xã Phúc Ứng', 'Xã', 76),
(2572, 'Xã Đông Thọ', 'Xã', 76),
(2575, 'Xã Kháng Nhật', 'Xã', 76),
(2578, 'Xã Hợp Hòa', 'Xã', 76),
(2581, 'Xã Thanh Phát', 'Xã', 76),
(2584, 'Xã Quyết Thắng', 'Xã', 76),
(2587, 'Xã Đồng Quý', 'Xã', 76),
(2590, 'Xã Tuân Lộ', 'Xã', 76),
(2593, 'Xã Vân Sơn', 'Xã', 76),
(2596, 'Xã Văn Phú', 'Xã', 76),
(2599, 'Xã Chi Thiết', 'Xã', 76),
(2602, 'Xã Đông Lợi', 'Xã', 76),
(2605, 'Xã Thiện Kế', 'Xã', 76),
(2608, 'Xã Hồng Lạc', 'Xã', 76),
(2611, 'Xã Phú Lương', 'Xã', 76),
(2614, 'Xã Ninh Lai', 'Xã', 76),
(2617, 'Xã Đại Phú', 'Xã', 76),
(2620, 'Xã Sơn Nam', 'Xã', 76),
(2623, 'Xã Hào Phú', 'Xã', 76),
(2626, 'Xã Tam Đa', 'Xã', 76),
(2629, 'Xã Sầm Dương', 'Xã', 76),
(2632, 'Xã Lâm Xuyên', 'Xã', 76),
(2635, 'Phường Duyên Hải', 'Phường', 80),
(2638, 'Phường Lào Cai', 'Phường', 80),
(2641, 'Phường Phố Mới', 'Phường', 80),
(2644, 'Phường Cốc Lếu', 'Phường', 80),
(2647, 'Phường Kim Tân', 'Phường', 80),
(2650, 'Phường Bắc Lệnh', 'Phường', 80),
(2653, 'Phường Pom Hán', 'Phường', 80),
(2656, 'Phường Xuân Tăng', 'Phường', 80),
(2658, 'Phường Bình Minh', 'Phường', 80),
(2659, 'Phường Thống Nhất', 'Phường', 80),
(2662, 'Xã Đồng Tuyển', 'Xã', 80),
(2665, 'Xã Vạn Hoà', 'Xã', 80),
(2668, 'Phường Bắc Cường', 'Phường', 80),
(2671, 'Phường Nam Cường', 'Phường', 80),
(2674, 'Xã Cam Đường', 'Xã', 80),
(2677, 'Xã Tả Phời', 'Xã', 80),
(2680, 'Xã Hợp Thành', 'Xã', 80),
(2683, 'Thị trấn Bát Xát', 'Thị trấn', 82),
(2686, 'Xã A Mú Sung', 'Xã', 82),
(2689, 'Xã Nậm Chạc', 'Xã', 82),
(2692, 'Xã A Lù', 'Xã', 82),
(2695, 'Xã Trịnh Tường', 'Xã', 82),
(2698, 'Xã Ngải Thầu', 'Xã', 82),
(2701, 'Xã Y Tý', 'Xã', 82),
(2704, 'Xã Cốc Mỳ', 'Xã', 82),
(2707, 'Xã Dền Sáng', 'Xã', 82),
(2710, 'Xã Bản Vược', 'Xã', 82),
(2713, 'Xã Sàng Ma Sáo', 'Xã', 82),
(2716, 'Xã Bản Qua', 'Xã', 82),
(2719, 'Xã Mường Vi', 'Xã', 82),
(2722, 'Xã Dền Thàng', 'Xã', 82),
(2725, 'Xã Bản Xèo', 'Xã', 82),
(2728, 'Xã Mường Hum', 'Xã', 82),
(2731, 'Xã Trung Lèng Hồ', 'Xã', 82),
(2734, 'Xã Quang Kim', 'Xã', 82),
(2737, 'Xã Pa Cheo', 'Xã', 82),
(2740, 'Xã Nậm Pung', 'Xã', 82),
(2743, 'Xã Phìn Ngan', 'Xã', 82),
(2746, 'Xã Cốc San', 'Xã', 82),
(2749, 'Xã Tòng Sành', 'Xã', 82),
(2752, 'Xã Pha Long', 'Xã', 83),
(2755, 'Xã Tả Ngải Chồ', 'Xã', 83),
(2758, 'Xã Tung Chung Phố', 'Xã', 83),
(2761, 'Thị trấn Mường Khương', 'Thị trấn', 83),
(2764, 'Xã Dìn Chin', 'Xã', 83),
(2767, 'Xã Tả Gia Khâu', 'Xã', 83),
(2770, 'Xã Nậm Chảy', 'Xã', 83),
(2773, 'Xã Nấm Lư', 'Xã', 83),
(2776, 'Xã Lùng Khấu Nhin', 'Xã', 83),
(2779, 'Xã Thanh Bình', 'Xã', 83),
(2782, 'Xã Cao Sơn', 'Xã', 83),
(2785, 'Xã Lùng Vai', 'Xã', 83),
(2788, 'Xã Bản Lầu', 'Xã', 83),
(2791, 'Xã La Pan Tẩn', 'Xã', 83),
(2794, 'Xã Tả Thàng', 'Xã', 83),
(2797, 'Xã Bản Sen', 'Xã', 83),
(2800, 'Xã Nàn Sán', 'Xã', 84),
(2803, 'Xã Thào Chư Phìn', 'Xã', 84),
(2806, 'Xã Bản Mế', 'Xã', 84),
(2809, 'Xã Si Ma Cai', 'Xã', 84),
(2812, 'Xã Sán Chải', 'Xã', 84),
(2815, 'Xã Mản Thẩn', 'Xã', 84),
(2818, 'Xã Lùng Sui', 'Xã', 84),
(2821, 'Xã Cán Cấu', 'Xã', 84),
(2824, 'Xã Sín Chéng', 'Xã', 84),
(2827, 'Xã Cán Hồ', 'Xã', 84),
(2830, 'Xã Quan Thần Sán', 'Xã', 84),
(2833, 'Xã Lử Thẩn', 'Xã', 84),
(2836, 'Xã Nàn Xín', 'Xã', 84),
(2839, 'Thị trấn Bắc Hà', 'Thị trấn', 85),
(2842, 'Xã Lùng Cải', 'Xã', 85),
(2845, 'Xã Bản Già', 'Xã', 85),
(2848, 'Xã Lùng Phình', 'Xã', 85),
(2851, 'Xã Tả Van Chư', 'Xã', 85),
(2854, 'Xã Tả Củ Tỷ', 'Xã', 85),
(2857, 'Xã Thải Giàng Phố', 'Xã', 85),
(2860, 'Xã Lầu Thí Ngài', 'Xã', 85),
(2863, 'Xã Hoàng Thu Phố', 'Xã', 85),
(2866, 'Xã Bản Phố', 'Xã', 85),
(2869, 'Xã Bản Liền', 'Xã', 85),
(2872, 'Xã Tà Chải', 'Xã', 85),
(2875, 'Xã Na Hối', 'Xã', 85),
(2878, 'Xã Cốc Ly', 'Xã', 85),
(2881, 'Xã Nậm Mòn', 'Xã', 85),
(2884, 'Xã Nậm Đét', 'Xã', 85),
(2887, 'Xã Nậm Khánh', 'Xã', 85),
(2890, 'Xã Bảo Nhai', 'Xã', 85),
(2893, 'Xã Nậm Lúc', 'Xã', 85),
(2896, 'Xã Cốc Lầu', 'Xã', 85),
(2899, 'Xã Bản Cái', 'Xã', 85),
(2902, 'Thị trấn N.T Phong Hải', 'Thị trấn', 86),
(2905, 'Thị trấn Phố Lu', 'Thị trấn', 86),
(2908, 'Thị trấn Tằng Loỏng', 'Thị trấn', 86),
(2911, 'Xã Bản Phiệt', 'Xã', 86),
(2914, 'Xã Bản Cầm', 'Xã', 86),
(2917, 'Xã Thái Niên', 'Xã', 86),
(2920, 'Xã Phong Niên', 'Xã', 86),
(2923, 'Xã Gia Phú', 'Xã', 86),
(2926, 'Xã Xuân Quang', 'Xã', 86),
(2929, 'Xã Sơn Hải', 'Xã', 86),
(2932, 'Xã Xuân Giao', 'Xã', 86),
(2935, 'Xã Trì Quang', 'Xã', 86),
(2938, 'Xã Sơn Hà', 'Xã', 86),
(2941, 'Xã Phố Lu', 'Xã', 86),
(2944, 'Xã Phú Nhuận', 'Xã', 86),
(2947, 'Thị trấn Phố Ràng', 'Thị trấn', 87),
(2950, 'Xã Tân Tiến', 'Xã', 87),
(2953, 'Xã Nghĩa Đô', 'Xã', 87),
(2956, 'Xã Vĩnh Yên', 'Xã', 87),
(2959, 'Xã Điện Quan', 'Xã', 87),
(2962, 'Xã Xuân Hoà', 'Xã', 87),
(2965, 'Xã Tân Dương', 'Xã', 87),
(2968, 'Xã Thượng Hà', 'Xã', 87),
(2971, 'Xã Kim Sơn', 'Xã', 87),
(2974, 'Xã Cam Cọn', 'Xã', 87),
(2977, 'Xã Minh Tân', 'Xã', 87),
(2980, 'Xã Xuân Thượng', 'Xã', 87),
(2983, 'Xã Việt Tiến', 'Xã', 87),
(2986, 'Xã Yên Sơn', 'Xã', 87),
(2989, 'Xã Bảo Hà', 'Xã', 87),
(2992, 'Xã Lương Sơn', 'Xã', 87),
(2995, 'Xã Long Phúc', 'Xã', 87),
(2998, 'Xã Long Khánh', 'Xã', 87),
(3001, 'Thị trấn Sa Pa', 'Thị trấn', 88),
(3004, 'Xã Bản Khoang', 'Xã', 88),
(3007, 'Xã Tả Giàng Phình', 'Xã', 88),
(3010, 'Xã Trung Chải', 'Xã', 88),
(3013, 'Xã Tả Phìn', 'Xã', 88),
(3016, 'Xã Sa Pả', 'Xã', 88),
(3019, 'Xã San Sả Hồ', 'Xã', 88),
(3022, 'Xã Bản Phùng', 'Xã', 88),
(3025, 'Xã Hầu Thào', 'Xã', 88),
(3028, 'Xã Lao Chải', 'Xã', 88),
(3031, 'Xã Thanh Kim', 'Xã', 88),
(3034, 'Xã Suối Thầu', 'Xã', 88),
(3037, 'Xã Sử Pán', 'Xã', 88),
(3040, 'Xã Tả Van', 'Xã', 88),
(3043, 'Xã Thanh Phú', 'Xã', 88),
(3046, 'Xã Bản Hồ', 'Xã', 88),
(3049, 'Xã Nậm Sài', 'Xã', 88),
(3052, 'Xã Nậm Cang', 'Xã', 88),
(3055, 'Thị trấn Khánh Yên', 'Thị trấn', 89),
(3058, 'Xã Văn Sơn', 'Xã', 89),
(3061, 'Xã Võ Lao', 'Xã', 89),
(3064, 'Xã Sơn Thuỷ', 'Xã', 89),
(3067, 'Xã Nậm Mả', 'Xã', 89),
(3070, 'Xã Tân Thượng', 'Xã', 89),
(3073, 'Xã Nậm Rạng', 'Xã', 89),
(3076, 'Xã Nậm Chầy', 'Xã', 89),
(3079, 'Xã Tân An', 'Xã', 89),
(3082, 'Xã Khánh Yên Thượng', 'Xã', 89),
(3085, 'Xã Nậm Xé', 'Xã', 89),
(3088, 'Xã Dần Thàng', 'Xã', 89),
(3091, 'Xã Chiềng Ken', 'Xã', 89),
(3094, 'Xã Làng Giàng', 'Xã', 89),
(3097, 'Xã Hoà Mạc', 'Xã', 89),
(3100, 'Xã Khánh Yên Trung', 'Xã', 89),
(3103, 'Xã Khánh Yên Hạ', 'Xã', 89),
(3106, 'Xã Dương Quỳ', 'Xã', 89),
(3109, 'Xã Nậm Tha', 'Xã', 89),
(3112, 'Xã Minh Lương', 'Xã', 89),
(3115, 'Xã Thẩm Dương', 'Xã', 89),
(3118, 'Xã Liêm Phú', 'Xã', 89),
(3121, 'Xã Nậm Xây', 'Xã', 89),
(3124, 'Phường Noong Bua', 'Phường', 94),
(3127, 'Phường Him Lam', 'Phường', 94),
(3130, 'Phường Thanh Bình', 'Phường', 94),
(3133, 'Phường Tân Thanh', 'Phường', 94),
(3136, 'Phường Mường Thanh', 'Phường', 94),
(3139, 'Phường Nam Thanh', 'Phường', 94),
(3142, 'Phường Thanh Trường', 'Phường', 94),
(3144, 'Xã Tà Lèng', 'Xã', 94),
(3145, 'Xã Thanh Minh', 'Xã', 94),
(3148, 'Phường Sông Đà', 'Phường', 95),
(3151, 'Phường Na Lay', 'Phường', 95),
(3154, 'Xã Sín Thầu', 'Xã', 96),
(3155, 'Xã Sen Thượng', 'Xã', 96),
(3156, 'Xã Nậm Tin', 'Xã', 103),
(3157, 'Xã Chung Chải', 'Xã', 96),
(3158, 'Xã Leng Su Sìn', 'Xã', 96),
(3159, 'Xã Pá Mỳ', 'Xã', 96),
(3160, 'Xã Mường Nhé', 'Xã', 96),
(3161, 'Xã Nậm Vì', 'Xã', 96),
(3162, 'Xã Nậm Kè', 'Xã', 96),
(3163, 'Xã Mường Toong', 'Xã', 96),
(3164, 'Xã Quảng Lâm', 'Xã', 96),
(3165, 'Xã Pa Tần', 'Xã', 103),
(3166, 'Xã Chà Cang', 'Xã', 103),
(3167, 'Xã Na Cô Sa', 'Xã', 103),
(3168, 'Xã Nà Khoa', 'Xã', 103),
(3169, 'Xã Nà Hỳ', 'Xã', 103),
(3170, 'Xã Nà Bủng', 'Xã', 103),
(3171, 'Xã Nậm Nhừ', 'Xã', 103),
(3172, 'Thị Trấn Mường Chà', 'Thị trấn', 97),
(3173, 'Xã Nậm Chua', 'Xã', 103),
(3174, 'Xã Nậm Khăn', 'Xã', 103),
(3175, 'Xã Chà Tở', 'Xã', 103),
(3176, 'Xã Vàng Đán', 'Xã', 103),
(3177, 'Xã Huổi Lếnh', 'Xã', 96),
(3178, 'Xã Xá Tổng', 'Xã', 97),
(3181, 'Xã Mường Tùng', 'Xã', 97),
(3184, 'Xã Lay Nưa', 'Xã', 95),
(3187, 'Xã Chà Nưa', 'Xã', 103),
(3190, 'Xã Hừa Ngài', 'Xã', 97),
(3191, 'Xã Huổi Mí', 'Xã', 97),
(3193, 'Xã Pa Ham', 'Xã', 97),
(3194, 'Xã Nậm Nèn', 'Xã', 97),
(3196, 'Xã Huổi Lèng', 'Xã', 97),
(3197, 'Xã Sa Lông', 'Xã', 97),
(3198, 'Xã Phìn Hồ', 'Xã', 103),
(3199, 'Xã Si Pa Phìn', 'Xã', 103),
(3200, 'Xã Ma Thì Hồ', 'Xã', 97),
(3201, 'Xã Na Sang', 'Xã', 97),
(3202, 'Xã Mường Mươn', 'Xã', 97),
(3203, 'Thị trấn Điện Biên Đông', 'Thị trấn', 101),
(3205, 'Xã Na Son', 'Xã', 101),
(3208, 'Xã Phì Nhừ', 'Xã', 101),
(3211, 'Xã Chiềng Sơ', 'Xã', 101),
(3214, 'Xã Mường Luân', 'Xã', 101),
(3217, 'Thị trấn Tủa Chùa', 'Thị trấn', 98),
(3220, 'Xã Huổi Só', 'Xã', 98),
(3223, 'Xã Xín Chải', 'Xã', 98),
(3226, 'Xã Tả Sìn Thàng', 'Xã', 98),
(3229, 'Xã Lao Xả Phình', 'Xã', 98),
(3232, 'Xã Tả Phìn', 'Xã', 98),
(3235, 'Xã Tủa Thàng', 'Xã', 98),
(3238, 'Xã Trung Thu', 'Xã', 98),
(3241, 'Xã Sính Phình', 'Xã', 98),
(3244, 'Xã Sáng Nhè', 'Xã', 98),
(3247, 'Xã Mường Đun', 'Xã', 98),
(3250, 'Xã Mường Báng', 'Xã', 98),
(3253, 'Thị trấn Tuần Giáo', 'Thị trấn', 99),
(3256, 'Thị trấn Mường Ảng', 'Thị trấn', 102),
(3259, 'Xã Phình Sáng', 'Xã', 99),
(3260, 'Xã Rạng Đông', 'Xã', 99),
(3262, 'Xã Mùn Chung', 'Xã', 99),
(3263, 'Xã Nà Tòng', 'Xã', 99),
(3265, 'Xã Ta Ma', 'Xã', 99),
(3268, 'Xã Mường Mùn', 'Xã', 99),
(3269, 'Xã Pú Xi', 'Xã', 99),
(3271, 'Xã Pú Nhung', 'Xã', 99),
(3274, 'Xã Quài Nưa', 'Xã', 99),
(3277, 'Xã Mường Thín', 'Xã', 99),
(3280, 'Xã Tỏa Tình', 'Xã', 99),
(3283, 'Xã Nà Sáy', 'Xã', 99),
(3284, 'Xã Mường Khong', 'Xã', 99),
(3286, 'Xã Mường Đăng', 'Xã', 102),
(3287, 'Xã Ngối Cáy', 'Xã', 102),
(3289, 'Xã Quài Cang', 'Xã', 99),
(3292, 'Xã Ẳng Tở', 'Xã', 102),
(3295, 'Xã Quài Tở', 'Xã', 99),
(3298, 'Xã Chiềng Sinh', 'Xã', 99),
(3299, 'Xã Chiềng Đông', 'Xã', 99),
(3301, 'Xã Búng Lao', 'Xã', 102),
(3302, 'Xã Xuân Lao', 'Xã', 102),
(3304, 'Xã Tênh Phông', 'Xã', 99),
(3307, 'Xã Ẳng Nưa', 'Xã', 102),
(3310, 'Xã Ẳng Cang', 'Xã', 102),
(3312, 'Xã Nặm Lịch', 'Xã', 102),
(3313, 'Xã Mường Lạn', 'Xã', 102),
(3316, 'Xã Nà Tấu', 'Xã', 100),
(3317, 'Xã Nà Nhạn', 'Xã', 100),
(3319, 'Xã Mường Pồn', 'Xã', 100),
(3322, 'Xã Thanh Nưa', 'Xã', 100),
(3323, 'Xã Hua Thanh', 'Xã', 100),
(3325, 'Xã Mường Phăng', 'Xã', 100),
(3326, 'Xã Pá Khoang', 'Xã', 100),
(3328, 'Xã Thanh Luông', 'Xã', 100),
(3331, 'Xã Thanh Hưng', 'Xã', 100),
(3334, 'Xã Thanh Xương', 'Xã', 100),
(3337, 'Xã Thanh Chăn', 'Xã', 100),
(3340, 'Xã Pa Thơm', 'Xã', 100),
(3343, 'Xã Thanh An', 'Xã', 100),
(3346, 'Xã Thanh Yên', 'Xã', 100),
(3349, 'Xã Noong Luống', 'Xã', 100),
(3352, 'Xã Noọng Hẹt', 'Xã', 100),
(3355, 'Xã Sam Mứn', 'Xã', 100),
(3356, 'Xã Pom Lót', 'Xã', 100),
(3358, 'Xã Núa Ngam', 'Xã', 100),
(3359, 'Xã Hẹ Muông', 'Xã', 100),
(3361, 'Xã Na Ư', 'Xã', 100),
(3364, 'Xã Mường Nhà', 'Xã', 100),
(3365, 'Xã Na Tông', 'Xã', 100),
(3367, 'Xã Mường Lói', 'Xã', 100),
(3368, 'Xã Phu Luông', 'Xã', 100),
(3370, 'Xã Pú Nhi', 'Xã', 101),
(3371, 'Xã Nong U', 'Xã', 101),
(3373, 'Xã Xa Dung', 'Xã', 101),
(3376, 'Xã Keo Lôm', 'Xã', 101),
(3379, 'Xã Luân Giới', 'Xã', 101),
(3382, 'Xã Phình Giàng', 'Xã', 101),
(3383, 'Xã Pú Hồng', 'Xã', 101),
(3384, 'Xã Tìa Dình', 'Xã', 101),
(3385, 'Xã Háng Lìa', 'Xã', 101),
(3386, 'Phường Quyết Thắng', 'Phường', 105),
(3387, 'Phường Tân Phong', 'Phường', 105),
(3388, 'Phường Quyết Tiến', 'Phường', 105),
(3389, 'Phường Đoàn Kết', 'Phường', 105),
(3390, 'Thị trấn Tam Đường', 'Thị trấn', 106),
(3391, 'Xã Lả Nhì Thàng', 'Xã', 109),
(3394, 'Xã Thèn Sin', 'Xã', 106),
(3397, 'Xã Sùng Phài', 'Xã', 106),
(3400, 'Xã Tả Lèng', 'Xã', 106),
(3403, 'Xã Nậm Loỏng', 'Xã', 105),
(3405, 'Xã Giang Ma', 'Xã', 106),
(3406, 'Xã Hồ Thầu', 'Xã', 106),
(3408, 'Phường Đông Phong', 'Phường', 105),
(3409, 'Xã San Thàng', 'Xã', 105),
(3412, 'Xã Bình Lư', 'Xã', 106),
(3413, 'Xã Sơn Bình', 'Xã', 106),
(3415, 'Xã Nùng Nàng', 'Xã', 106),
(3418, 'Xã Bản Giang', 'Xã', 106),
(3421, 'Xã Bản Hon', 'Xã', 106),
(3424, 'Xã Bản Bo', 'Xã', 106),
(3427, 'Xã Nà Tăm', 'Xã', 106),
(3430, 'Xã Khun Há', 'Xã', 106),
(3433, 'Thị trấn Mường Tè', 'Thị trấn', 107),
(3434, 'Thị trấn Nậm Nhùn', 'Thị trấn', 112),
(3436, 'Xã Thu Lũm', 'Xã', 107),
(3439, 'Xã Ka Lăng', 'Xã', 107),
(3440, 'Xã Tá Bạ', 'Xã', 107),
(3442, 'Xã Pa ủ', 'Xã', 107),
(3445, 'Xã Mường Tè', 'Xã', 107),
(3448, 'Xã Pa Vệ Sử', 'Xã', 107),
(3451, 'Xã Mù Cả', 'Xã', 107),
(3454, 'Xã Bun Tở', 'Xã', 107),
(3457, 'Xã Nậm Khao', 'Xã', 107),
(3460, 'Xã Hua Bun', 'Xã', 112),
(3463, 'Xã Tà Tổng', 'Xã', 107),
(3466, 'Xã Bun Nưa', 'Xã', 107),
(3467, 'Xã Vàng San', 'Xã', 107),
(3469, 'Xã Kan Hồ', 'Xã', 107),
(3472, 'Xã Mường Mô', 'Xã', 112),
(3473, 'Xã Nậm Chà', 'Xã', 112),
(3474, 'Xã Nậm Manh', 'Xã', 112),
(3475, 'Xã Nậm Hàng', 'Xã', 112),
(3478, 'Thị trấn Sìn Hồ', 'Thị trấn', 108),
(3481, 'Xã Lê Lợi', 'Xã', 112),
(3484, 'Xã Pú Đao', 'Xã', 112),
(3487, 'Xã Chăn Nưa', 'Xã', 108),
(3488, 'Xã Nậm Pì', 'Xã', 112),
(3490, 'Xã Huổi Luông', 'Xã', 109),
(3493, 'Xã Pa Tần', 'Xã', 108),
(3496, 'Xã Phìn Hồ', 'Xã', 108),
(3499, 'Xã Hồng Thu', 'Xã', 108),
(3502, 'Xã Nậm Ban', 'Xã', 112),
(3503, 'Xã Trung Chải', 'Xã', 112),
(3505, 'Xã Phăng Sô Lin', 'Xã', 108),
(3508, 'Xã Ma Quai', 'Xã', 108),
(3509, 'Xã Lùng Thàng', 'Xã', 108),
(3511, 'Xã Tả Phìn', 'Xã', 108),
(3514, 'Xã Sà Dề Phìn', 'Xã', 108),
(3517, 'Xã Nậm Tăm', 'Xã', 108),
(3520, 'Xã Tả Ngảo', 'Xã', 108),
(3523, 'Xã Pu Sam Cáp', 'Xã', 108),
(3526, 'Xã Nậm Cha', 'Xã', 108),
(3527, 'Xã Pa Khoá', 'Xã', 108),
(3529, 'Xã Làng Mô', 'Xã', 108),
(3532, 'Xã Noong Hẻo', 'Xã', 108),
(3535, 'Xã Nậm Mạ', 'Xã', 108),
(3538, 'Xã Căn Co', 'Xã', 108),
(3541, 'Xã Tủa Sín Chải', 'Xã', 108),
(3544, 'Xã Nậm Cuổi', 'Xã', 108),
(3547, 'Xã Nậm Hăn', 'Xã', 108),
(3549, 'Thị trấn Phong Thổ', 'Thị trấn', 109),
(3550, 'Xã Sì Lờ Lầu', 'Xã', 109),
(3553, 'Xã Mồ Sì San', 'Xã', 109),
(3556, 'Xã Ma Li Chải', 'Xã', 109),
(3559, 'Xã Pa Vây Sử', 'Xã', 109),
(3562, 'Xã Vàng Ma Chải', 'Xã', 109),
(3565, 'Xã Tông Qua Lìn', 'Xã', 109),
(3568, 'Xã Mù Sang', 'Xã', 109),
(3571, 'Xã Dào San', 'Xã', 109),
(3574, 'Xã Ma Ly Pho', 'Xã', 109),
(3577, 'Xã Bản Lang', 'Xã', 109),
(3580, 'Xã Hoang Thèn', 'Xã', 109),
(3583, 'Xã Khổng Lào', 'Xã', 109),
(3586, 'Xã Nậm Xe', 'Xã', 109),
(3589, 'Xã Mường So', 'Xã', 109),
(3592, 'Xã Sin Suối Hồ', 'Xã', 109),
(3595, 'Thị trấn Than Uyên', 'Thị trấn', 110),
(3598, 'Thị trấn Tân Uyên', 'Thị trấn', 111),
(3601, 'Xã Mường Khoa', 'Xã', 111),
(3602, 'Xã Phúc Khoa', 'Xã', 111),
(3604, 'Xã Thân Thuộc', 'Xã', 111),
(3605, 'Xã Trung Đồng', 'Xã', 111),
(3607, 'Xã Hố Mít', 'Xã', 111),
(3610, 'Xã Nậm Cần', 'Xã', 111),
(3613, 'Xã Nậm Sỏ', 'Xã', 111),
(3616, 'Xã Pắc Ta', 'Xã', 111),
(3618, 'Xã Phúc Than', 'Xã', 110),
(3619, 'Xã Mường Than', 'Xã', 110),
(3622, 'Xã Tà Mít', 'Xã', 111),
(3625, 'Xã Mường Mít', 'Xã', 110),
(3628, 'Xã Pha Mu', 'Xã', 110),
(3631, 'Xã Mường Cang', 'Xã', 110),
(3632, 'Xã Hua Nà', 'Xã', 110),
(3634, 'Xã Tà Hừa', 'Xã', 110),
(3637, 'Xã Mường Kim', 'Xã', 110),
(3638, 'Xã Tà Mung', 'Xã', 110),
(3640, 'Xã Tà Gia', 'Xã', 110),
(3643, 'Xã Khoen On', 'Xã', 110),
(3646, 'Phường Chiềng Lề', 'Phường', 116),
(3649, 'Phường Tô Hiệu', 'Phường', 116),
(3652, 'Phường Quyết Thắng', 'Phường', 116),
(3655, 'Phường Quyết Tâm', 'Phường', 116),
(3658, 'Xã Chiềng Cọ', 'Xã', 116),
(3661, 'Xã Chiềng Đen', 'Xã', 116),
(3664, 'Xã Chiềng Xôm', 'Xã', 116),
(3667, 'Phường Chiềng An', 'Phường', 116),
(3670, 'Phường Chiềng Cơi', 'Phường', 116),
(3673, 'Xã Chiềng Ngần', 'Xã', 116),
(3676, 'Xã Hua La', 'Xã', 116),
(3679, 'Phường Chiềng Sinh', 'Phường', 116),
(3682, 'Xã Mường Chiên', 'Xã', 118),
(3685, 'Xã Cà Nàng', 'Xã', 118),
(3688, 'Xã Chiềng Khay', 'Xã', 118),
(3694, 'Xã Mường Giôn', 'Xã', 118),
(3697, 'Xã Pá Ma Pha Khinh', 'Xã', 118),
(3700, 'Xã Chiềng Ơn', 'Xã', 118),
(3703, 'Xã Mường Giàng', 'Xã', 118),
(3706, 'Xã Chiềng Bằng', 'Xã', 118),
(3709, 'Xã Mường Sại', 'Xã', 118),
(3712, 'Xã Nậm ét', 'Xã', 118),
(3718, 'Xã Chiềng Khoang', 'Xã', 118),
(3721, 'Thị trấn Thuận Châu', 'Thị trấn', 119),
(3724, 'Xã Phỏng Lái', 'Xã', 119),
(3727, 'Xã Mường é', 'Xã', 119),
(3730, 'Xã Chiềng Pha', 'Xã', 119),
(3733, 'Xã Chiềng La', 'Xã', 119),
(3736, 'Xã Chiềng Ngàm', 'Xã', 119),
(3739, 'Xã Liệp Tè', 'Xã', 119),
(3742, 'Xã é Tòng', 'Xã', 119),
(3745, 'Xã Phỏng Lập', 'Xã', 119),
(3748, 'Xã Chiềng Sơ', 'Xã', 119),
(3751, 'Xã Chiềng Ly', 'Xã', 119),
(3754, 'Xã Nong Lay', 'Xã', 119),
(3757, 'Xã Mường Khiêng', 'Xã', 119),
(3760, 'Xã Mường Bám', 'Xã', 119),
(3763, 'Xã Long Hẹ', 'Xã', 119),
(3766, 'Xã Chiềng Bôm', 'Xã', 119),
(3769, 'Xã Thôn Mòn', 'Xã', 119),
(3772, 'Xã Tòng Lệnh', 'Xã', 119),
(3775, 'Xã Tòng Cọ', 'Xã', 119),
(3778, 'Xã Bó Mười', 'Xã', 119),
(3781, 'Xã Co Mạ', 'Xã', 119),
(3784, 'Xã Púng Tra', 'Xã', 119),
(3787, 'Xã Chiềng Pấc', 'Xã', 119),
(3790, 'Xã Nậm Lầu', 'Xã', 119),
(3793, 'Xã Bon Phặng', 'Xã', 119),
(3796, 'Xã Co Tòng', 'Xã', 119),
(3799, 'Xã Muội Nọi', 'Xã', 119),
(3802, 'Xã Pá Lông', 'Xã', 119),
(3805, 'Xã Bản Lầm', 'Xã', 119),
(3808, 'Thị trấn Ít Ong', 'Thị trấn', 120),
(3811, 'Xã Nậm Giôn', 'Xã', 120),
(3814, 'Xã Chiềng Lao', 'Xã', 120),
(3817, 'Xã Hua Trai', 'Xã', 120),
(3820, 'Xã Ngọc Chiến', 'Xã', 120),
(3823, 'Xã Mường Trai', 'Xã', 120),
(3826, 'Xã Nậm Păm', 'Xã', 120),
(3829, 'Xã Chiềng Muôn', 'Xã', 120),
(3832, 'Xã Chiềng Ân', 'Xã', 120),
(3835, 'Xã Pi Toong', 'Xã', 120),
(3838, 'Xã Chiềng Công', 'Xã', 120),
(3841, 'Xã Tạ Bú', 'Xã', 120),
(3844, 'Xã Chiềng San', 'Xã', 120),
(3847, 'Xã Mường Bú', 'Xã', 120),
(3850, 'Xã Chiềng Hoa', 'Xã', 120),
(3853, 'Xã Mường Chùm', 'Xã', 120),
(3856, 'Thị trấn Bắc Yên', 'Thị trấn', 121),
(3859, 'Xã Phiêng Ban', 'Xã', 121),
(3862, 'Xã Hang Chú', 'Xã', 121),
(3865, 'Xã Xín Vàng', 'Xã', 121),
(3868, 'Xã Tà Xùa', 'Xã', 121),
(3869, 'Xã Háng Đồng', 'Xã', 121),
(3871, 'Xã Bắc Ngà', 'Xã', 121),
(3874, 'Xã Làng Chếu', 'Xã', 121),
(3877, 'Xã Chim Vàn', 'Xã', 121),
(3880, 'Xã Mường Khoa', 'Xã', 121),
(3883, 'Xã Song Pe', 'Xã', 121),
(3886, 'Xã Hồng Ngài', 'Xã', 121),
(3889, 'Xã Tạ Khoa', 'Xã', 121),
(3890, 'Xã Hua Nhàn', 'Xã', 121),
(3892, 'Xã Phiêng Kôn', 'Xã', 121),
(3895, 'Xã Chiềng Sại', 'Xã', 121),
(3898, 'Thị trấn Phù Yên', 'Thị trấn', 122),
(3901, 'Xã Suối Tọ', 'Xã', 122),
(3904, 'Xã Mường Thải', 'Xã', 122),
(3907, 'Xã Mường Cơi', 'Xã', 122),
(3910, 'Xã Quang Huy', 'Xã', 122),
(3913, 'Xã Huy Bắc', 'Xã', 122),
(3916, 'Xã Huy Thượng', 'Xã', 122),
(3919, 'Xã Tân Lang', 'Xã', 122),
(3922, 'Xã Gia Phù', 'Xã', 122),
(3925, 'Xã Tường Phù', 'Xã', 122),
(3928, 'Xã Huy Hạ', 'Xã', 122),
(3931, 'Xã Huy Tân', 'Xã', 122),
(3934, 'Xã Mường Lang', 'Xã', 122),
(3937, 'Xã Suối Bau', 'Xã', 122),
(3940, 'Xã Huy Tường', 'Xã', 122),
(3943, 'Xã Mường Do', 'Xã', 122),
(3946, 'Xã Sập Xa', 'Xã', 122),
(3949, 'Xã Tường Thượng', 'Xã', 122),
(3952, 'Xã Tường Tiến', 'Xã', 122),
(3955, 'Xã Tường Phong', 'Xã', 122),
(3958, 'Xã Tường Hạ', 'Xã', 122),
(3961, 'Xã Kim Bon', 'Xã', 122),
(3964, 'Xã Mường Bang', 'Xã', 122),
(3967, 'Xã Đá Đỏ', 'Xã', 122),
(3970, 'Xã Tân Phong', 'Xã', 122),
(3973, 'Xã Nam Phong', 'Xã', 122),
(3976, 'Xã Bắc Phong', 'Xã', 122),
(3979, 'Thị trấn Mộc Châu', 'Thị trấn', 123),
(3982, 'Thị trấn NT Mộc Châu', 'Thị trấn', 123),
(3985, 'Xã Chiềng Sơn', 'Xã', 123),
(3988, 'Xã Tân Hợp', 'Xã', 123),
(3991, 'Xã Qui Hướng', 'Xã', 123),
(3994, 'Xã Suối Bàng', 'Xã', 128),
(3997, 'Xã Tân Lập', 'Xã', 123),
(4000, 'Xã Nà Mường', 'Xã', 123),
(4003, 'Xã Tà Lai', 'Xã', 123),
(4006, 'Xã Song Khủa', 'Xã', 128),
(4009, 'Xã Liên Hoà', 'Xã', 128),
(4012, 'Xã Chiềng Hắc', 'Xã', 123),
(4015, 'Xã Hua Păng', 'Xã', 123),
(4018, 'Xã Tô Múa', 'Xã', 128),
(4021, 'Xã Mường Tè', 'Xã', 128),
(4024, 'Xã Chiềng Khừa', 'Xã', 123),
(4027, 'Xã Mường Sang', 'Xã', 123),
(4030, 'Xã Đông Sang', 'Xã', 123),
(4033, 'Xã Phiêng Luông', 'Xã', 123),
(4036, 'Xã Chiềng Khoa', 'Xã', 128),
(4039, 'Xã Mường Men', 'Xã', 128),
(4042, 'Xã Quang Minh', 'Xã', 128),
(4045, 'Xã Lóng Sập', 'Xã', 123),
(4048, 'Xã Vân Hồ', 'Xã', 128),
(4051, 'Xã Lóng Luông', 'Xã', 128),
(4054, 'Xã Chiềng Yên', 'Xã', 128),
(4056, 'Xã Chiềng Xuân', 'Xã', 128),
(4057, 'Xã Xuân Nha', 'Xã', 128),
(4058, 'Xã Tân Xuân', 'Xã', 128),
(4060, 'Thị trấn Yên Châu', 'Thị trấn', 124),
(4063, 'Xã Chiềng Đông', 'Xã', 124),
(4066, 'Xã Sập Vạt', 'Xã', 124),
(4069, 'Xã Chiềng Sàng', 'Xã', 124),
(4072, 'Xã Chiềng Pằn', 'Xã', 124),
(4075, 'Xã Viêng Lán', 'Xã', 124),
(4078, 'Xã Chiềng Hặc', 'Xã', 124),
(4081, 'Xã Mường Lựm', 'Xã', 124),
(4084, 'Xã Chiềng On', 'Xã', 124),
(4087, 'Xã Yên Sơn', 'Xã', 124),
(4090, 'Xã Chiềng Khoi', 'Xã', 124),
(4093, 'Xã Tú Nang', 'Xã', 124),
(4096, 'Xã Lóng Phiêng', 'Xã', 124),
(4099, 'Xã Phiêng Khoài', 'Xã', 124),
(4102, 'Xã Chiềng Tương', 'Xã', 124),
(4105, 'Thị trấn Hát Lót', 'Thị trấn', 125),
(4108, 'Xã Chiềng Sung', 'Xã', 125),
(4111, 'Xã Mường Bằng', 'Xã', 125),
(4114, 'Xã Chiềng Chăn', 'Xã', 125),
(4117, 'Xã Mương Tranh', 'Xã', 125),
(4120, 'Xã Chiềng Ban', 'Xã', 125),
(4123, 'Xã Chiềng Mung', 'Xã', 125),
(4126, 'Xã Mường Bon', 'Xã', 125),
(4129, 'Xã Chiềng Chung', 'Xã', 125),
(4132, 'Xã Chiềng Mai', 'Xã', 125),
(4135, 'Xã Hát Lót', 'Xã', 125),
(4136, 'Xã Nà Pó', 'Xã', 125),
(4138, 'Xã Cò  Nòi', 'Xã', 125),
(4141, 'Xã Chiềng Nơi', 'Xã', 125),
(4144, 'Xã Phiêng Cằm', 'Xã', 125),
(4147, 'Xã Chiềng Dong', 'Xã', 125),
(4150, 'Xã Chiềng Kheo', 'Xã', 125),
(4153, 'Xã Chiềng Ve', 'Xã', 125),
(4156, 'Xã Chiềng Lương', 'Xã', 125),
(4159, 'Xã Phiêng Pằn', 'Xã', 125),
(4162, 'Xã Nà Ơt', 'Xã', 125),
(4165, 'Xã Tà Hộc', 'Xã', 125),
(4168, 'Thị trấn Sông Mã', 'Thị trấn', 126),
(4171, 'Xã Bó Sinh', 'Xã', 126),
(4174, 'Xã Pú Pẩu', 'Xã', 126),
(4177, 'Xã Chiềng Phung', 'Xã', 126),
(4180, 'Xã Chiềng En', 'Xã', 126),
(4183, 'Xã Mường Lầm', 'Xã', 126),
(4186, 'Xã Nậm Ty', 'Xã', 126),
(4189, 'Xã Đứa Mòn', 'Xã', 126),
(4192, 'Xã Yên Hưng', 'Xã', 126),
(4195, 'Xã Chiềng Sơ', 'Xã', 126),
(4198, 'Xã Nà Ngựu', 'Xã', 126),
(4201, 'Xã Nậm Mằn', 'Xã', 126),
(4204, 'Xã Chiềng Khoong', 'Xã', 126),
(4207, 'Xã Chiềng Cang', 'Xã', 126),
(4210, 'Xã Huổi Một', 'Xã', 126),
(4213, 'Xã Mường Sai', 'Xã', 126),
(4216, 'Xã Mường Cai', 'Xã', 126),
(4219, 'Xã Mường Hung', 'Xã', 126),
(4222, 'Xã Chiềng Khương', 'Xã', 126),
(4225, 'Xã Sam Kha', 'Xã', 127),
(4228, 'Xã Púng Bánh', 'Xã', 127),
(4231, 'Xã Xốp Cộp', 'Xã', 127),
(4234, 'Xã Dồm Cang', 'Xã', 127),
(4237, 'Xã Nậm Lạnh', 'Xã', 127),
(4240, 'Xã Mường Lèo', 'Xã', 127),
(4243, 'Xã Mường Và', 'Xã', 127),
(4246, 'Xã Mường Lạn', 'Xã', 127),
(4249, 'Phường Yên Thịnh', 'Phường', 132),
(4252, 'Phường Yên Ninh', 'Phường', 132),
(4255, 'Phường Minh Tân', 'Phường', 132),
(4258, 'Phường Nguyễn Thái Học', 'Phường', 132);
INSERT INTO `tbl_xaphuongthitran` (`xaid`, `name_xa`, `type`, `maqh`) VALUES
(4261, 'Phường Đồng Tâm', 'Phường', 132),
(4264, 'Phường Nguyễn Phúc', 'Phường', 132),
(4267, 'Phường Hồng Hà', 'Phường', 132),
(4270, 'Xã Minh Bảo', 'Xã', 132),
(4273, 'Phường Nam Cường', 'Phường', 132),
(4276, 'Xã Tuy Lộc', 'Xã', 132),
(4279, 'Xã Tân Thịnh', 'Xã', 132),
(4282, 'Phường Pú Trạng', 'Phường', 133),
(4285, 'Phường Trung Tâm', 'Phường', 133),
(4288, 'Phường Tân An', 'Phường', 133),
(4291, 'Phường Cầu Thia', 'Phường', 133),
(4294, 'Xã Nghĩa Lợi', 'Xã', 133),
(4297, 'Xã Nghĩa Phúc', 'Xã', 133),
(4300, 'Xã Nghĩa An', 'Xã', 133),
(4303, 'Thị trấn Yên Thế', 'Thị trấn', 135),
(4306, 'Xã Tân Phượng', 'Xã', 135),
(4309, 'Xã Lâm Thượng', 'Xã', 135),
(4312, 'Xã Khánh Thiện', 'Xã', 135),
(4315, 'Xã Minh Chuẩn', 'Xã', 135),
(4318, 'Xã Mai Sơn', 'Xã', 135),
(4321, 'Xã Khai Trung', 'Xã', 135),
(4324, 'Xã Mường Lai', 'Xã', 135),
(4327, 'Xã An Lạc', 'Xã', 135),
(4330, 'Xã Minh Xuân', 'Xã', 135),
(4333, 'Xã Tô Mậu', 'Xã', 135),
(4336, 'Xã Tân Lĩnh', 'Xã', 135),
(4339, 'Xã Yên Thắng', 'Xã', 135),
(4342, 'Xã Khánh Hoà', 'Xã', 135),
(4345, 'Xã Vĩnh Lạc', 'Xã', 135),
(4348, 'Xã Liễu Đô', 'Xã', 135),
(4351, 'Xã Động Quan', 'Xã', 135),
(4354, 'Xã Tân Lập', 'Xã', 135),
(4357, 'Xã Minh Tiến', 'Xã', 135),
(4360, 'Xã Trúc Lâu', 'Xã', 135),
(4363, 'Xã Phúc Lợi', 'Xã', 135),
(4366, 'Xã Phan Thanh', 'Xã', 135),
(4369, 'Xã An Phú', 'Xã', 135),
(4372, 'Xã Trung Tâm', 'Xã', 135),
(4375, 'Thị trấn Mậu A', 'Thị trấn', 136),
(4378, 'Xã Lang Thíp', 'Xã', 136),
(4381, 'Xã Lâm Giang', 'Xã', 136),
(4384, 'Xã Châu Quế Thượng', 'Xã', 136),
(4387, 'Xã Châu Quế Hạ', 'Xã', 136),
(4390, 'Xã An Bình', 'Xã', 136),
(4393, 'Xã Quang Minh', 'Xã', 136),
(4396, 'Xã Đông An', 'Xã', 136),
(4399, 'Xã Đông Cuông', 'Xã', 136),
(4402, 'Xã Phong Dụ Hạ', 'Xã', 136),
(4405, 'Xã Mậu Đông', 'Xã', 136),
(4408, 'Xã Ngòi A', 'Xã', 136),
(4411, 'Xã Xuân Tầm', 'Xã', 136),
(4414, 'Xã Tân Hợp', 'Xã', 136),
(4417, 'Xã An Thịnh', 'Xã', 136),
(4420, 'Xã Yên Thái', 'Xã', 136),
(4423, 'Xã Phong Dụ Thượng', 'Xã', 136),
(4426, 'Xã Yên Hợp', 'Xã', 136),
(4429, 'Xã Đại Sơn', 'Xã', 136),
(4432, 'Xã Yên Hưng', 'Xã', 136),
(4435, 'Xã Đại Phác', 'Xã', 136),
(4438, 'Xã Yên Phú', 'Xã', 136),
(4441, 'Xã Xuân Ái', 'Xã', 136),
(4444, 'Xã Hoàng Thắng', 'Xã', 136),
(4447, 'Xã Viễn Sơn', 'Xã', 136),
(4450, 'Xã Mỏ Vàng', 'Xã', 136),
(4453, 'Xã Nà Hẩu', 'Xã', 136),
(4456, 'Thị trấn Mù Căng Chải', 'Thị trấn', 137),
(4459, 'Xã Hồ Bốn', 'Xã', 137),
(4462, 'Xã Nậm Có', 'Xã', 137),
(4465, 'Xã Khao Mang', 'Xã', 137),
(4468, 'Xã Mồ Dề', 'Xã', 137),
(4471, 'Xã Chế Cu Nha', 'Xã', 137),
(4474, 'Xã Lao Chải', 'Xã', 137),
(4477, 'Xã Kim Nọi', 'Xã', 137),
(4480, 'Xã Cao Phạ', 'Xã', 137),
(4483, 'Xã La Pán Tẩn', 'Xã', 137),
(4486, 'Xã Dế Su Phình', 'Xã', 137),
(4489, 'Xã Chế Tạo', 'Xã', 137),
(4492, 'Xã Púng Luông', 'Xã', 137),
(4495, 'Xã Nậm Khắt', 'Xã', 137),
(4498, 'Thị trấn Cổ Phúc', 'Thị trấn', 138),
(4501, 'Xã Tân Đồng', 'Xã', 138),
(4504, 'Xã Báo Đáp', 'Xã', 138),
(4507, 'Xã Đào Thịnh', 'Xã', 138),
(4510, 'Xã Việt Thành', 'Xã', 138),
(4513, 'Xã Hòa Cuông', 'Xã', 138),
(4516, 'Xã Minh Quán', 'Xã', 138),
(4519, 'Xã Quy Mông', 'Xã', 138),
(4522, 'Xã Cường Thịnh', 'Xã', 138),
(4525, 'Xã Kiên Thành', 'Xã', 138),
(4528, 'Xã Nga Quán', 'Xã', 138),
(4531, 'Xã Y Can', 'Xã', 138),
(4534, 'Xã Minh Tiến', 'Xã', 138),
(4537, 'Xã Lương Thịnh', 'Xã', 138),
(4540, 'Xã Âu Lâu', 'Xã', 132),
(4543, 'Xã Giới Phiên', 'Xã', 132),
(4546, 'Phường Hợp Minh', 'Phường', 132),
(4549, 'Xã Văn Tiến', 'Xã', 132),
(4552, 'Xã Phúc Lộc', 'Xã', 132),
(4555, 'Xã Văn Lãng', 'Xã', 141),
(4558, 'Xã Văn Phú', 'Xã', 132),
(4561, 'Xã Bảo Hưng', 'Xã', 138),
(4564, 'Xã Việt Cường', 'Xã', 138),
(4567, 'Xã Minh Quân', 'Xã', 138),
(4570, 'Xã Hồng Ca', 'Xã', 138),
(4573, 'Xã Hưng Thịnh', 'Xã', 138),
(4576, 'Xã Hưng Khánh', 'Xã', 138),
(4579, 'Xã Việt Hồng', 'Xã', 138),
(4582, 'Xã Vân Hội', 'Xã', 138),
(4585, 'Thị trấn Trạm Tấu', 'Thị trấn', 139),
(4588, 'Xã Túc Đán', 'Xã', 139),
(4591, 'Xã Pá Lau', 'Xã', 139),
(4594, 'Xã Xà Hồ', 'Xã', 139),
(4597, 'Xã Phình Hồ', 'Xã', 139),
(4600, 'Xã Trạm Tấu', 'Xã', 139),
(4603, 'Xã Tà Si Láng', 'Xã', 139),
(4606, 'Xã Pá Hu', 'Xã', 139),
(4609, 'Xã Làng Nhì', 'Xã', 139),
(4612, 'Xã Bản Công', 'Xã', 139),
(4615, 'Xã Bản Mù', 'Xã', 139),
(4618, 'Xã Hát Lìu', 'Xã', 139),
(4621, 'Thị trấn NT Liên Sơn', 'Thị trấn', 140),
(4624, 'Thị trấn NT Nghĩa Lộ', 'Thị trấn', 140),
(4627, 'Thị trấn NT Trần Phú', 'Thị trấn', 140),
(4630, 'Xã Tú Lệ', 'Xã', 140),
(4633, 'Xã Nậm Búng', 'Xã', 140),
(4636, 'Xã Gia Hội', 'Xã', 140),
(4639, 'Xã Sùng Đô', 'Xã', 140),
(4642, 'Xã Nậm Mười', 'Xã', 140),
(4645, 'Xã An Lương', 'Xã', 140),
(4648, 'Xã Nậm Lành', 'Xã', 140),
(4651, 'Xã Sơn Lương', 'Xã', 140),
(4654, 'Xã Suối Quyền', 'Xã', 140),
(4657, 'Xã Suối Giàng', 'Xã', 140),
(4660, 'Xã Sơn A', 'Xã', 140),
(4663, 'Xã Phù Nham', 'Xã', 140),
(4666, 'Xã Nghĩa Sơn', 'Xã', 140),
(4669, 'Xã Suối Bu', 'Xã', 140),
(4672, 'Xã Sơn Thịnh', 'Xã', 140),
(4675, 'Xã Thanh Lương', 'Xã', 140),
(4678, 'Xã Hạnh Sơn', 'Xã', 140),
(4681, 'Xã Phúc Sơn', 'Xã', 140),
(4684, 'Xã Thạch Lương', 'Xã', 140),
(4687, 'Xã Đại Lịch', 'Xã', 140),
(4690, 'Xã Đồng Khê', 'Xã', 140),
(4693, 'Xã Cát Thịnh', 'Xã', 140),
(4696, 'Xã Tân Thịnh', 'Xã', 140),
(4699, 'Xã Chấn Thịnh', 'Xã', 140),
(4702, 'Xã Bình Thuận', 'Xã', 140),
(4705, 'Xã Thượng Bằng La', 'Xã', 140),
(4708, 'Xã Minh An', 'Xã', 140),
(4711, 'Xã Nghĩa Tâm', 'Xã', 140),
(4714, 'Thị trấn Yên Bình', 'Thị trấn', 141),
(4717, 'Thị trấn Thác Bà', 'Thị trấn', 141),
(4720, 'Xã Xuân Long', 'Xã', 141),
(4723, 'Xã Tích Cốc', 'Xã', 141),
(4726, 'Xã Cảm Nhân', 'Xã', 141),
(4729, 'Xã Ngọc Chấn', 'Xã', 141),
(4732, 'Xã Tân Nguyên', 'Xã', 141),
(4735, 'Xã Phúc Ninh', 'Xã', 141),
(4738, 'Xã Bảo Ái', 'Xã', 141),
(4741, 'Xã Mỹ Gia', 'Xã', 141),
(4744, 'Xã Xuân Lai', 'Xã', 141),
(4747, 'Xã Mông Sơn', 'Xã', 141),
(4750, 'Xã Cảm Ân', 'Xã', 141),
(4753, 'Xã Yên Thành', 'Xã', 141),
(4756, 'Xã Tân Hương', 'Xã', 141),
(4759, 'Xã Phúc An', 'Xã', 141),
(4762, 'Xã Bạch Hà', 'Xã', 141),
(4765, 'Xã Vũ Linh', 'Xã', 141),
(4768, 'Xã Đại Đồng', 'Xã', 141),
(4771, 'Xã Vĩnh Kiên', 'Xã', 141),
(4774, 'Xã Yên Bình', 'Xã', 141),
(4777, 'Xã Thịnh Hưng', 'Xã', 141),
(4780, 'Xã Hán Đà', 'Xã', 141),
(4783, 'Xã Phú Thịnh', 'Xã', 141),
(4786, 'Xã Đại Minh', 'Xã', 141),
(4789, 'Phường Thái Bình', 'Phường', 148),
(4792, 'Phường Tân Hòa', 'Phường', 148),
(4795, 'Phường Thịnh Lang', 'Phường', 148),
(4798, 'Phường Hữu Nghị', 'Phường', 148),
(4801, 'Phường Tân Thịnh', 'Phường', 148),
(4804, 'Phường Đồng Tiến', 'Phường', 148),
(4807, 'Phường Phương Lâm', 'Phường', 148),
(4810, 'Phường Chăm Mát', 'Phường', 148),
(4813, 'Xã Yên Mông', 'Xã', 148),
(4816, 'Xã Sủ Ngòi', 'Xã', 148),
(4819, 'Xã Dân Chủ', 'Xã', 148),
(4822, 'Xã Thái Thịnh', 'Xã', 148),
(4825, 'Xã Hòa Bình', 'Xã', 148),
(4828, 'Xã Thống Nhất', 'Xã', 148),
(4831, 'Thị trấn Đà Bắc', 'Thị trấn', 150),
(4834, 'Xã Đồng Nghê', 'Xã', 150),
(4837, 'Xã Suối Nánh', 'Xã', 150),
(4840, 'Xã Giáp Đắt', 'Xã', 150),
(4843, 'Xã Mường Tuổng', 'Xã', 150),
(4846, 'Xã Mường Chiềng', 'Xã', 150),
(4849, 'Xã Tân Pheo', 'Xã', 150),
(4852, 'Xã Đồng Chum', 'Xã', 150),
(4855, 'Xã Tân Minh', 'Xã', 150),
(4858, 'Xã Đoàn Kết', 'Xã', 150),
(4861, 'Xã Đồng Ruộng', 'Xã', 150),
(4864, 'Xã Hào Lý', 'Xã', 150),
(4867, 'Xã Tu Lý', 'Xã', 150),
(4870, 'Xã Trung Thành', 'Xã', 150),
(4873, 'Xã Yên Hòa', 'Xã', 150),
(4876, 'Xã Cao Sơn', 'Xã', 150),
(4879, 'Xã Toàn Sơn', 'Xã', 150),
(4882, 'Xã Tân Dân', 'Xã', 156),
(4885, 'Xã Hiền Lương', 'Xã', 150),
(4888, 'Xã Tiền Phong', 'Xã', 150),
(4891, 'Xã Vầy Nưa', 'Xã', 150),
(4894, 'Thị trấn Kỳ Sơn', 'Thị trấn', 151),
(4897, 'Xã Hợp Thịnh', 'Xã', 151),
(4900, 'Xã Phú Minh', 'Xã', 151),
(4903, 'Xã Hợp Thành', 'Xã', 151),
(4906, 'Xã Phúc Tiến', 'Xã', 151),
(4909, 'Xã Dân Hòa', 'Xã', 151),
(4912, 'Xã Mông Hóa', 'Xã', 151),
(4915, 'Xã Dân Hạ', 'Xã', 151),
(4918, 'Xã Trung Minh', 'Xã', 148),
(4921, 'Xã Độc Lập', 'Xã', 151),
(4924, 'Thị trấn Lương Sơn', 'Thị trấn', 152),
(4927, 'Xã Yên Trung', 'Xã', 276),
(4930, 'Xã Yên Bình', 'Xã', 276),
(4933, 'Xã Yên Quang', 'Xã', 151),
(4936, 'Xã Tiến Xuân', 'Xã', 276),
(4939, 'Xã Đông Xuân', 'Xã', 275),
(4942, 'Xã Lâm Sơn', 'Xã', 152),
(4945, 'Xã Hòa Sơn', 'Xã', 152),
(4948, 'Xã Trường Sơn', 'Xã', 152),
(4951, 'Xã Tân Vinh', 'Xã', 152),
(4954, 'Xã Nhuận Trạch', 'Xã', 152),
(4957, 'Xã Cao Răm', 'Xã', 152),
(4960, 'Xã Cư Yên', 'Xã', 152),
(4963, 'Xã Hợp Hòa', 'Xã', 152),
(4966, 'Xã Liên Sơn', 'Xã', 152),
(4969, 'Xã Thành Lập', 'Xã', 152),
(4972, 'Xã Tiến Sơn', 'Xã', 152),
(4975, 'Xã Trung Sơn', 'Xã', 152),
(4978, 'Thị trấn Bo', 'Thị trấn', 153),
(4981, 'Thị trấn Thanh Hà', 'Thị trấn', 159),
(4984, 'Xã Đú Sáng', 'Xã', 153),
(4987, 'Xã  Bắc Sơn', 'Xã', 153),
(4990, 'Xã Bình Sơn', 'Xã', 153),
(4993, 'Xã Hùng Tiến', 'Xã', 153),
(4996, 'Xã Tân Thành', 'Xã', 152),
(4999, 'Xã Tú Sơn', 'Xã', 153),
(5002, 'Xã Nật Sơn', 'Xã', 153),
(5005, 'Xã Vĩnh Tiến', 'Xã', 153),
(5008, 'Xã Cao Dương', 'Xã', 152),
(5011, 'Xã Sơn Thủy', 'Xã', 153),
(5014, 'Xã Đông Bắc', 'Xã', 153),
(5017, 'Xã Thượng Bì', 'Xã', 153),
(5020, 'Xã Lập Chiệng', 'Xã', 153),
(5023, 'Xã Hợp Châu', 'Xã', 152),
(5026, 'Xã Vĩnh Đồng', 'Xã', 153),
(5029, 'Xã Hạ Bì', 'Xã', 153),
(5032, 'Xã Trung Bì', 'Xã', 153),
(5035, 'Xã Kim Sơn', 'Xã', 153),
(5038, 'Xã Hợp Đồng', 'Xã', 153),
(5041, 'Xã Long Sơn', 'Xã', 152),
(5044, 'Xã Thượng Tiến', 'Xã', 153),
(5047, 'Xã Cao Thắng', 'Xã', 152),
(5050, 'Xã Kim Tiến', 'Xã', 153),
(5053, 'Xã Kim Bình', 'Xã', 153),
(5056, 'Xã Hợp Kim', 'Xã', 153),
(5059, 'Xã Thanh Lương', 'Xã', 152),
(5062, 'Xã Hợp Thanh', 'Xã', 152),
(5065, 'Xã Kim Bôi', 'Xã', 153),
(5068, 'Xã Nam Thượng', 'Xã', 153),
(5071, 'Xã Kim Truy', 'Xã', 153),
(5074, 'Xã Thanh Nông', 'Xã', 159),
(5077, 'Xã Cuối Hạ', 'Xã', 153),
(5080, 'Xã Sào Báy', 'Xã', 153),
(5083, 'Xã Mi Hòa', 'Xã', 153),
(5086, 'Xã Nuông Dăm', 'Xã', 153),
(5089, 'Thị trấn Cao Phong', 'Thị trấn', 154),
(5092, 'Xã Bình Thanh', 'Xã', 154),
(5095, 'Xã Thung Nai', 'Xã', 154),
(5098, 'Xã Bắc Phong', 'Xã', 154),
(5101, 'Xã Thu Phong', 'Xã', 154),
(5104, 'Xã Đông Phong', 'Xã', 154),
(5107, 'Xã Xuân Phong', 'Xã', 154),
(5110, 'Xã Tây Phong', 'Xã', 154),
(5113, 'Xã Tân Phong', 'Xã', 154),
(5116, 'Xã Dũng Phong', 'Xã', 154),
(5119, 'Xã Nam Phong', 'Xã', 154),
(5122, 'Xã Yên Lập', 'Xã', 154),
(5125, 'Xã Yên Thượng', 'Xã', 154),
(5128, 'Thị trấn Mường Khến', 'Thị trấn', 155),
(5131, 'Xã Ngòi Hoa', 'Xã', 155),
(5134, 'Xã Trung Hòa', 'Xã', 155),
(5137, 'Xã Phú Vinh', 'Xã', 155),
(5140, 'Xã Phú Cường', 'Xã', 155),
(5143, 'Xã Mỹ Hòa', 'Xã', 155),
(5146, 'Xã Quy Hậu', 'Xã', 155),
(5149, 'Xã Phong Phú', 'Xã', 155),
(5152, 'Xã Quyết Chiến', 'Xã', 155),
(5155, 'Xã Mãn Đức', 'Xã', 155),
(5158, 'Xã Địch Giáo', 'Xã', 155),
(5161, 'Xã Tuân Lộ', 'Xã', 155),
(5164, 'Xã Tử Nê', 'Xã', 155),
(5167, 'Xã Thanh Hối', 'Xã', 155),
(5170, 'Xã Ngọc Mỹ', 'Xã', 155),
(5173, 'Xã Đông Lai', 'Xã', 155),
(5176, 'Xã Lũng Vân', 'Xã', 155),
(5179, 'Xã Bắc Sơn', 'Xã', 155),
(5182, 'Xã Quy Mỹ', 'Xã', 155),
(5185, 'Xã Do Nhân', 'Xã', 155),
(5188, 'Xã Nam Sơn', 'Xã', 155),
(5191, 'Xã Lỗ Sơn', 'Xã', 155),
(5194, 'Xã Ngổ Luông', 'Xã', 155),
(5197, 'Xã Gia Mô', 'Xã', 155),
(5200, 'Thị trấn Mai Châu', 'Thị trấn', 156),
(5203, 'Xã Tân Mai', 'Xã', 156),
(5206, 'Xã Phúc Sạn', 'Xã', 156),
(5209, 'Xã Pà Cò', 'Xã', 156),
(5212, 'Xã Hang Kia', 'Xã', 156),
(5215, 'Xã Ba Khan', 'Xã', 156),
(5218, 'Xã Tân Sơn', 'Xã', 156),
(5221, 'Xã Đồng Bảng', 'Xã', 156),
(5224, 'Xã Cun Pheo', 'Xã', 156),
(5227, 'Xã Bao La', 'Xã', 156),
(5230, 'Xã Piềng Vế', 'Xã', 156),
(5233, 'Xã Tòng Đậu', 'Xã', 156),
(5236, 'Xã Nà Mèo', 'Xã', 156),
(5239, 'Xã Thung Khe', 'Xã', 156),
(5242, 'Xã Nà Phòn', 'Xã', 156),
(5245, 'Xã Săm Khóe', 'Xã', 156),
(5248, 'Xã Chiềng Châu', 'Xã', 156),
(5251, 'Xã Mai Hạ', 'Xã', 156),
(5254, 'Xã Nong Luông', 'Xã', 156),
(5257, 'Xã Mai Hịch', 'Xã', 156),
(5260, 'Xã Pù Pin', 'Xã', 156),
(5263, 'Xã Vạn Mai', 'Xã', 156),
(5266, 'Thị trấn Vụ Bản', 'Thị trấn', 157),
(5269, 'Xã Quý Hòa', 'Xã', 157),
(5272, 'Xã Miền Đồi', 'Xã', 157),
(5275, 'Xã Mỹ Thành', 'Xã', 157),
(5278, 'Xã Tuân Đạo', 'Xã', 157),
(5281, 'Xã Văn Nghĩa', 'Xã', 157),
(5284, 'Xã Văn Sơn', 'Xã', 157),
(5287, 'Xã Tân Lập', 'Xã', 157),
(5290, 'Xã Nhân Nghĩa', 'Xã', 157),
(5293, 'Xã Thượng Cốc', 'Xã', 157),
(5296, 'Xã Phú Lương', 'Xã', 157),
(5299, 'Xã Phúc Tuy', 'Xã', 157),
(5302, 'Xã Xuất Hóa', 'Xã', 157),
(5305, 'Xã Yên Phú', 'Xã', 157),
(5308, 'Xã Bình Hẻm', 'Xã', 157),
(5311, 'Xã Chí Thiện', 'Xã', 157),
(5314, 'Xã Bình Cảng', 'Xã', 157),
(5317, 'Xã Bình Chân', 'Xã', 157),
(5320, 'Xã Định Cư', 'Xã', 157),
(5323, 'Xã Chí Đạo', 'Xã', 157),
(5326, 'Xã Liên Vũ', 'Xã', 157),
(5329, 'Xã Ngọc Sơn', 'Xã', 157),
(5332, 'Xã Hương Nhượng', 'Xã', 157),
(5335, 'Xã Vũ Lâm', 'Xã', 157),
(5338, 'Xã Tự Do', 'Xã', 157),
(5341, 'Xã Yên Nghiệp', 'Xã', 157),
(5344, 'Xã Tân Mỹ', 'Xã', 157),
(5347, 'Xã Ân Nghĩa', 'Xã', 157),
(5350, 'Xã Ngọc Lâu', 'Xã', 157),
(5353, 'Thị trấn Hàng Trạm', 'Thị trấn', 158),
(5356, 'Xã Lạc Sỹ', 'Xã', 158),
(5359, 'Xã Lạc Hưng', 'Xã', 158),
(5362, 'Xã Lạc Lương', 'Xã', 158),
(5365, 'Xã Bảo Hiệu', 'Xã', 158),
(5368, 'Xã Đa Phúc', 'Xã', 158),
(5371, 'Xã Hữu Lợi', 'Xã', 158),
(5374, 'Xã Lạc Thịnh', 'Xã', 158),
(5377, 'Xã Yên Lạc', 'Xã', 158),
(5380, 'Xã Đoàn Kết', 'Xã', 158),
(5383, 'Xã Phú Lai', 'Xã', 158),
(5386, 'Xã Yên Trị', 'Xã', 158),
(5389, 'Xã Ngọc Lương', 'Xã', 158),
(5392, 'Thị trấn Chi Nê', 'Thị trấn', 159),
(5395, 'Xã Phú Lão', 'Xã', 159),
(5398, 'Xã Phú Thành', 'Xã', 159),
(5401, 'Xã Cố Nghĩa', 'Xã', 159),
(5404, 'Xã Hưng Thi', 'Xã', 159),
(5407, 'Xã Lạc Long', 'Xã', 159),
(5410, 'Xã Liên Hòa', 'Xã', 159),
(5413, 'Xã Khoan Dụ', 'Xã', 159),
(5416, 'Xã Đồng Môn', 'Xã', 159),
(5419, 'Xã Đồng Tâm', 'Xã', 159),
(5422, 'Xã Yên Bồng', 'Xã', 159),
(5425, 'Xã An Lạc', 'Xã', 159),
(5428, 'Xã An Bình', 'Xã', 159),
(5431, 'Phường Quán Triều', 'Phường', 164),
(5434, 'Phường Quang Vinh', 'Phường', 164),
(5437, 'Phường Túc Duyên', 'Phường', 164),
(5440, 'Phường Hoàng Văn Thụ', 'Phường', 164),
(5443, 'Phường Trưng Vương', 'Phường', 164),
(5446, 'Phường Quang Trung', 'Phường', 164),
(5449, 'Phường Phan Đình Phùng', 'Phường', 164),
(5452, 'Phường Tân Thịnh', 'Phường', 164),
(5455, 'Phường Thịnh Đán', 'Phường', 164),
(5458, 'Phường Đồng Quang', 'Phường', 164),
(5461, 'Phường Gia Sàng', 'Phường', 164),
(5464, 'Phường Tân Lập', 'Phường', 164),
(5467, 'Phường Cam Giá', 'Phường', 164),
(5470, 'Phường Phú Xá', 'Phường', 164),
(5473, 'Phường Hương Sơn', 'Phường', 164),
(5476, 'Phường Trung Thành', 'Phường', 164),
(5479, 'Phường Tân Thành', 'Phường', 164),
(5482, 'Phường Tân Long', 'Phường', 164),
(5485, 'Xã Phúc Hà', 'Xã', 164),
(5488, 'Xã Phúc Xuân', 'Xã', 164),
(5491, 'Xã Quyết Thắng', 'Xã', 164),
(5494, 'Xã Phúc Trìu', 'Xã', 164),
(5497, 'Xã Thịnh Đức', 'Xã', 164),
(5500, 'Phường Tích Lương', 'Phường', 164),
(5503, 'Xã Tân Cương', 'Xã', 164),
(5506, 'Phường Lương Sơn', 'Phường', 165),
(5509, 'Phường Lương Châu', 'Phường', 165),
(5512, 'Phường Mỏ Chè', 'Phường', 165),
(5515, 'Phường Cải Đan', 'Phường', 165),
(5518, 'Phường Thắng Lợi', 'Phường', 165),
(5521, 'Phường Phố Cò', 'Phường', 165),
(5524, 'Xã Vinh Sơn', 'Xã', 165),
(5527, 'Xã Tân Quang', 'Xã', 165),
(5528, 'Phường Bách Quang', 'Phường', 165),
(5530, 'Xã Bình Sơn', 'Xã', 165),
(5533, 'Xã Bá Xuyên', 'Xã', 165),
(5536, 'Thị trấn Chợ Chu', 'Thị trấn', 167),
(5539, 'Xã Linh Thông', 'Xã', 167),
(5542, 'Xã Lam Vỹ', 'Xã', 167),
(5545, 'Xã Quy Kỳ', 'Xã', 167),
(5548, 'Xã Tân Thịnh', 'Xã', 167),
(5551, 'Xã Kim Phượng', 'Xã', 167),
(5554, 'Xã Bảo Linh', 'Xã', 167),
(5557, 'Xã Kim Sơn', 'Xã', 167),
(5560, 'Xã Phúc Chu', 'Xã', 167),
(5563, 'Xã Tân Dương', 'Xã', 167),
(5566, 'Xã Phượng Tiến', 'Xã', 167),
(5569, 'Xã Bảo Cường', 'Xã', 167),
(5572, 'Xã Đồng Thịnh', 'Xã', 167),
(5575, 'Xã Định Biên', 'Xã', 167),
(5578, 'Xã Thanh Định', 'Xã', 167),
(5581, 'Xã Trung Hội', 'Xã', 167),
(5584, 'Xã Trung Lương', 'Xã', 167),
(5587, 'Xã Bình Yên', 'Xã', 167),
(5590, 'Xã Điềm Mặc', 'Xã', 167),
(5593, 'Xã Phú Tiến', 'Xã', 167),
(5596, 'Xã Bộc Nhiêu', 'Xã', 167),
(5599, 'Xã Sơn Phú', 'Xã', 167),
(5602, 'Xã Phú Đình', 'Xã', 167),
(5605, 'Xã Bình Thành', 'Xã', 167),
(5608, 'Thị trấn Giang Tiên', 'Thị trấn', 168),
(5611, 'Thị trấn Đu', 'Thị trấn', 168),
(5614, 'Xã Yên Ninh', 'Xã', 168),
(5617, 'Xã Yên Trạch', 'Xã', 168),
(5620, 'Xã Yên Đổ', 'Xã', 168),
(5623, 'Xã Yên Lạc', 'Xã', 168),
(5626, 'Xã Ôn Lương', 'Xã', 168),
(5629, 'Xã Động Đạt', 'Xã', 168),
(5632, 'Xã Phủ Lý', 'Xã', 168),
(5635, 'Xã Phú Đô', 'Xã', 168),
(5638, 'Xã Hợp Thành', 'Xã', 168),
(5641, 'Xã Tức Tranh', 'Xã', 168),
(5644, 'Xã Phấn Mễ', 'Xã', 168),
(5647, 'Xã Vô Tranh', 'Xã', 168),
(5650, 'Xã Cổ Lũng', 'Xã', 168),
(5653, 'Xã Sơn Cẩm', 'Xã', 168),
(5656, 'Thị trấn Sông Cầu', 'Thị trấn', 169),
(5659, 'Thị trấn Chùa Hang', 'Thị trấn', 169),
(5662, 'Thị trấn Trại Cau', 'Thị trấn', 169),
(5665, 'Xã Văn Lăng', 'Xã', 169),
(5668, 'Xã Tân Long', 'Xã', 169),
(5671, 'Xã Hòa Bình', 'Xã', 169),
(5674, 'Xã Quang Sơn', 'Xã', 169),
(5677, 'Xã Minh Lập', 'Xã', 169),
(5680, 'Xã Văn Hán', 'Xã', 169),
(5683, 'Xã Hóa Trung', 'Xã', 169),
(5686, 'Xã Khe Mo', 'Xã', 169),
(5689, 'Xã Cây Thị', 'Xã', 169),
(5692, 'Xã Hóa Thượng', 'Xã', 169),
(5695, 'Xã Cao Ngạn', 'Xã', 164),
(5698, 'Xã Hợp Tiến', 'Xã', 169),
(5701, 'Xã Linh Sơn', 'Xã', 169),
(5704, 'Xã Tân Lợi', 'Xã', 169),
(5707, 'Xã Nam Hòa', 'Xã', 169),
(5710, 'Xã Đồng Bẩm', 'Xã', 164),
(5713, 'Xã Huống Thượng', 'Xã', 169),
(5716, 'Thị trấn Đình Cả', 'Thị trấn', 170),
(5719, 'Xã Sảng Mộc', 'Xã', 170),
(5722, 'Xã Nghinh Tường', 'Xã', 170),
(5725, 'Xã Thần Xa', 'Xã', 170),
(5728, 'Xã Vũ Chấn', 'Xã', 170),
(5731, 'Xã Thượng Nung', 'Xã', 170),
(5734, 'Xã Phú Thượng', 'Xã', 170),
(5737, 'Xã Cúc Đường', 'Xã', 170),
(5740, 'Xã La Hiên', 'Xã', 170),
(5743, 'Xã Lâu Thượng', 'Xã', 170),
(5746, 'Xã Tràng Xá', 'Xã', 170),
(5749, 'Xã Phương Giao', 'Xã', 170),
(5752, 'Xã Liên Minh', 'Xã', 170),
(5755, 'Xã Dân Tiến', 'Xã', 170),
(5758, 'Xã Bình Long', 'Xã', 170),
(5761, 'Thị trấn Hùng Sơn', 'Thị trấn', 171),
(5764, 'Thị trấn Quân Chu', 'Thị trấn', 171),
(5767, 'Xã Phúc Lương', 'Xã', 171),
(5770, 'Xã Minh Tiến', 'Xã', 171),
(5773, 'Xã Yên Lãng', 'Xã', 171),
(5776, 'Xã Đức Lương', 'Xã', 171),
(5779, 'Xã Phú Cường', 'Xã', 171),
(5782, 'Xã Na Mao', 'Xã', 171),
(5785, 'Xã Phú Lạc', 'Xã', 171),
(5788, 'Xã Tân Linh', 'Xã', 171),
(5791, 'Xã Phú Thịnh', 'Xã', 171),
(5794, 'Xã Phục Linh', 'Xã', 171),
(5797, 'Xã Phú Xuyên', 'Xã', 171),
(5800, 'Xã Bản Ngoại', 'Xã', 171),
(5803, 'Xã Tiên Hội', 'Xã', 171),
(5809, 'Xã Cù Vân', 'Xã', 171),
(5812, 'Xã Hà Thượng', 'Xã', 171),
(5815, 'Xã La Bằng', 'Xã', 171),
(5818, 'Xã Hoàng Nông', 'Xã', 171),
(5821, 'Xã Khôi Kỳ', 'Xã', 171),
(5824, 'Xã An Khánh', 'Xã', 171),
(5827, 'Xã Tân Thái', 'Xã', 171),
(5830, 'Xã Bình Thuận', 'Xã', 171),
(5833, 'Xã Lục Ba', 'Xã', 171),
(5836, 'Xã Mỹ Yên', 'Xã', 171),
(5839, 'Xã Vạn Thọ', 'Xã', 171),
(5842, 'Xã Văn Yên', 'Xã', 171),
(5845, 'Xã Ký Phú', 'Xã', 171),
(5848, 'Xã Cát Nê', 'Xã', 171),
(5851, 'Xã Quân Chu', 'Xã', 171),
(5854, 'Phường Bãi Bông', 'Phường', 172),
(5857, 'Phường Bắc Sơn', 'Phường', 172),
(5860, 'Phường Ba Hàng', 'Phường', 172),
(5863, 'Xã Phúc Tân', 'Xã', 172),
(5866, 'Xã Phúc Thuận', 'Xã', 172),
(5869, 'Xã Hồng Tiến', 'Xã', 172),
(5872, 'Xã Minh Đức', 'Xã', 172),
(5875, 'Xã Đắc Sơn', 'Xã', 172),
(5878, 'Phường Đồng Tiến', 'Phường', 172),
(5881, 'Xã Thành Công', 'Xã', 172),
(5884, 'Xã Tiên Phong', 'Xã', 172),
(5887, 'Xã Vạn Phái', 'Xã', 172),
(5890, 'Xã Nam Tiến', 'Xã', 172),
(5893, 'Xã Tân Hương', 'Xã', 172),
(5896, 'Xã Đông Cao', 'Xã', 172),
(5899, 'Xã Trung Thành', 'Xã', 172),
(5902, 'Xã Tân Phú', 'Xã', 172),
(5905, 'Xã Thuận Thành', 'Xã', 172),
(5908, 'Thị trấn Hương Sơn', 'Thị trấn', 173),
(5911, 'Xã Bàn Đạt', 'Xã', 173),
(5914, 'Xã Đồng Liên', 'Xã', 173),
(5917, 'Xã Tân Khánh', 'Xã', 173),
(5920, 'Xã Tân Kim', 'Xã', 173),
(5923, 'Xã Tân Thành', 'Xã', 173),
(5926, 'Xã Đào Xá', 'Xã', 173),
(5929, 'Xã Bảo Lý', 'Xã', 173),
(5932, 'Xã Thượng Đình', 'Xã', 173),
(5935, 'Xã Tân Hòa', 'Xã', 173),
(5938, 'Xã Nhã Lộng', 'Xã', 173),
(5941, 'Xã Điềm Thụy', 'Xã', 173),
(5944, 'Xã Xuân Phương', 'Xã', 173),
(5947, 'Xã Tân Đức', 'Xã', 173),
(5950, 'Xã Úc Kỳ', 'Xã', 173),
(5953, 'Xã Lương Phú', 'Xã', 173),
(5956, 'Xã Nga My', 'Xã', 173),
(5959, 'Xã Kha Sơn', 'Xã', 173),
(5962, 'Xã Thanh Ninh', 'Xã', 173),
(5965, 'Xã Dương Thành', 'Xã', 173),
(5968, 'Xã Hà Châu', 'Xã', 173),
(5971, 'Phường Hoàng Văn Thụ', 'Phường', 178),
(5974, 'Phường Tam Thanh', 'Phường', 178),
(5977, 'Phường Vĩnh Trại', 'Phường', 178),
(5980, 'Phường Đông Kinh', 'Phường', 178),
(5983, 'Phường Chi Lăng', 'Phường', 178),
(5986, 'Xã Hoàng Đồng', 'Xã', 178),
(5989, 'Xã Quảng Lạc', 'Xã', 178),
(5992, 'Xã Mai Pha', 'Xã', 178),
(5995, 'Thị trấn Thất Khê', 'Thị trấn', 180),
(5998, 'Xã Khánh Long', 'Xã', 180),
(6001, 'Xã Đoàn Kết', 'Xã', 180),
(6004, 'Xã Quốc Khánh', 'Xã', 180),
(6007, 'Xã Vĩnh Tiến', 'Xã', 180),
(6010, 'Xã Cao Minh', 'Xã', 180),
(6013, 'Xã Chí Minh', 'Xã', 180),
(6016, 'Xã Tri Phương', 'Xã', 180),
(6019, 'Xã Tân Tiến', 'Xã', 180),
(6022, 'Xã Tân Yên', 'Xã', 180),
(6025, 'Xã Đội Cấn', 'Xã', 180),
(6028, 'Xã Tân Minh', 'Xã', 180),
(6031, 'Xã Kim Đồng', 'Xã', 180),
(6034, 'Xã Chi Lăng', 'Xã', 180),
(6037, 'Xã Trung Thành', 'Xã', 180),
(6040, 'Xã Đại Đồng', 'Xã', 180),
(6043, 'Xã Đào Viên', 'Xã', 180),
(6046, 'Xã Đề Thám', 'Xã', 180),
(6049, 'Xã Kháng Chiến', 'Xã', 180),
(6052, 'Xã Bắc Ái', 'Xã', 180),
(6055, 'Xã Hùng Sơn', 'Xã', 180),
(6058, 'Xã Quốc Việt', 'Xã', 180),
(6061, 'Xã Hùng Việt', 'Xã', 180),
(6064, 'Thị trấn Bình Gia', 'Thị trấn', 181),
(6067, 'Xã Hưng Đạo', 'Xã', 181),
(6070, 'Xã Vĩnh Yên', 'Xã', 181),
(6073, 'Xã Hoa Thám', 'Xã', 181),
(6076, 'Xã Quý Hòa', 'Xã', 181),
(6079, 'Xã Hồng Phong', 'Xã', 181),
(6082, 'Xã Yên Lỗ', 'Xã', 181),
(6085, 'Xã Thiện Hòa', 'Xã', 181),
(6088, 'Xã Quang Trung', 'Xã', 181),
(6091, 'Xã Thiện Thuật', 'Xã', 181),
(6094, 'Xã Minh Khai', 'Xã', 181),
(6097, 'Xã Thiện Long', 'Xã', 181),
(6100, 'Xã Hoàng Văn Thụ', 'Xã', 181),
(6103, 'Xã Hòa Bình', 'Xã', 181),
(6106, 'Xã Mông Ân', 'Xã', 181),
(6109, 'Xã Tân Hòa', 'Xã', 181),
(6112, 'Xã Tô Hiệu', 'Xã', 181),
(6115, 'Xã Hồng Thái', 'Xã', 181),
(6118, 'Xã Bình La', 'Xã', 181),
(6121, 'Xã Tân Văn', 'Xã', 181),
(6124, 'Thị trấn Na Sầm', 'Thị trấn', 182),
(6127, 'Xã Trùng Khánh', 'Xã', 182),
(6130, 'Xã Tân Việt', 'Xã', 182),
(6133, 'Xã Bắc La', 'Xã', 182),
(6136, 'Xã Thụy Hùng', 'Xã', 182),
(6139, 'Xã Trùng Quán', 'Xã', 182),
(6142, 'Xã Tân Tác', 'Xã', 182),
(6145, 'Xã An Hùng', 'Xã', 182),
(6148, 'Xã Thanh Long', 'Xã', 182),
(6151, 'Xã Hội Hoan', 'Xã', 182),
(6154, 'Xã Tân Lang', 'Xã', 182),
(6157, 'Xã Hoàng Việt', 'Xã', 182),
(6160, 'Xã Gia Miễn', 'Xã', 182),
(6163, 'Xã Thành Hòa', 'Xã', 182),
(6166, 'Xã Tân Thanh', 'Xã', 182),
(6169, 'Xã Nam La', 'Xã', 182),
(6172, 'Xã Tân Mỹ', 'Xã', 182),
(6175, 'Xã Hồng Thái', 'Xã', 182),
(6178, 'Xã  Hoàng Văn Thụ', 'Xã', 182),
(6181, 'Xã Nhạc Kỳ', 'Xã', 182),
(6184, 'Thị trấn Đồng Đăng', 'Thị trấn', 183),
(6187, 'Thị trấn Cao Lộc', 'Thị trấn', 183),
(6190, 'Xã Bảo Lâm', 'Xã', 183),
(6193, 'Xã Thanh Lòa', 'Xã', 183),
(6196, 'Xã Cao Lâu', 'Xã', 183),
(6199, 'Xã Thạch Đạn', 'Xã', 183),
(6202, 'Xã Xuất Lễ', 'Xã', 183),
(6205, 'Xã Hồng Phong', 'Xã', 183),
(6208, 'Xã Thụy Hùng', 'Xã', 183),
(6211, 'Xã Lộc Yên', 'Xã', 183),
(6214, 'Xã Phú Xá', 'Xã', 183),
(6217, 'Xã Bình Trung', 'Xã', 183),
(6220, 'Xã Hải Yến', 'Xã', 183),
(6223, 'Xã Hòa Cư', 'Xã', 183),
(6226, 'Xã Hợp Thành', 'Xã', 183),
(6229, 'Xã Song Giáp', 'Xã', 183),
(6232, 'Xã Công Sơn', 'Xã', 183),
(6235, 'Xã Gia Cát', 'Xã', 183),
(6238, 'Xã Mẫu Sơn', 'Xã', 183),
(6241, 'Xã Xuân Long', 'Xã', 183),
(6244, 'Xã Tân Liên', 'Xã', 183),
(6247, 'Xã Yên Trạch', 'Xã', 183),
(6250, 'Xã Tân Thành', 'Xã', 183),
(6253, 'Thị trấn Văn Quan', 'Thị trấn', 184),
(6256, 'Xã Trấn Ninh', 'Xã', 184),
(6259, 'Xã Phú Mỹ', 'Xã', 184),
(6262, 'Xã Việt Yên', 'Xã', 184),
(6265, 'Xã Song Giang', 'Xã', 184),
(6268, 'Xã Vân Mộng', 'Xã', 184),
(6271, 'Xã Vĩnh Lại', 'Xã', 184),
(6274, 'Xã Hòa Bình', 'Xã', 184),
(6277, 'Xã Tú Xuyên', 'Xã', 184),
(6280, 'Xã Văn An', 'Xã', 184),
(6283, 'Xã Đại An', 'Xã', 184),
(6286, 'Xã Khánh Khê', 'Xã', 184),
(6289, 'Xã Chu Túc', 'Xã', 184),
(6292, 'Xã Lương Năng', 'Xã', 184),
(6295, 'Xã Đồng Giáp', 'Xã', 184),
(6298, 'Xã Xuân Mai', 'Xã', 184),
(6301, 'Xã Tràng Các', 'Xã', 184),
(6304, 'Xã Tràng Sơn', 'Xã', 184),
(6307, 'Xã Tân Đoàn', 'Xã', 184),
(6310, 'Xã Bình Phúc', 'Xã', 184),
(6313, 'Xã Tri Lễ', 'Xã', 184),
(6316, 'Xã Tràng Phái', 'Xã', 184),
(6319, 'Xã Yên Phúc', 'Xã', 184),
(6322, 'Xã Hữu Lễ', 'Xã', 184),
(6325, 'Thị trấn Bắc Sơn', 'Thị trấn', 185),
(6328, 'Xã Long Đống', 'Xã', 185),
(6331, 'Xã Vạn Thủy', 'Xã', 185),
(6334, 'Xã Quỳnh Sơn', 'Xã', 185),
(6337, 'Xã Đồng ý', 'Xã', 185),
(6340, 'Xã Tân Tri', 'Xã', 185),
(6343, 'Xã Bắc Sơn', 'Xã', 185),
(6346, 'Xã Hữu Vĩnh', 'Xã', 185),
(6349, 'Xã Hưng Vũ', 'Xã', 185),
(6352, 'Xã Tân Lập', 'Xã', 185),
(6355, 'Xã Vũ Sơn', 'Xã', 185),
(6358, 'Xã Chiêu Vũ', 'Xã', 185),
(6361, 'Xã Tân Hương', 'Xã', 185),
(6364, 'Xã Chiến Thắng', 'Xã', 185),
(6367, 'Xã Vũ Lăng', 'Xã', 185),
(6370, 'Xã Trấn Yên', 'Xã', 185),
(6373, 'Xã Vũ Lễ', 'Xã', 185),
(6376, 'Xã Nhất Hòa', 'Xã', 185),
(6379, 'Xã Tân Thành', 'Xã', 185),
(6382, 'Xã Nhất Tiến', 'Xã', 185),
(6385, 'Thị trấn Hữu Lũng', 'Thị trấn', 186),
(6388, 'Xã Hữu Liên', 'Xã', 186),
(6391, 'Xã Yên Bình', 'Xã', 186),
(6394, 'Xã Quyết Thắng', 'Xã', 186),
(6397, 'Xã Hòa Bình', 'Xã', 186),
(6400, 'Xã Yên Thịnh', 'Xã', 186),
(6403, 'Xã Yên Sơn', 'Xã', 186),
(6406, 'Xã Thiện Kỵ', 'Xã', 186),
(6409, 'Xã Tân Lập', 'Xã', 186),
(6412, 'Xã Yên Vượng', 'Xã', 186),
(6415, 'Xã Minh Tiến', 'Xã', 186),
(6418, 'Xã Nhật Tiến', 'Xã', 186),
(6421, 'Xã Thanh Sơn', 'Xã', 186),
(6424, 'Xã Đồng Tân', 'Xã', 186),
(6427, 'Xã Cai Kinh', 'Xã', 186),
(6430, 'Xã Hòa Lạc', 'Xã', 186),
(6433, 'Xã Vân Nham', 'Xã', 186),
(6436, 'Xã Đồng Tiến', 'Xã', 186),
(6439, 'Xã Đô Lương', 'Xã', 186),
(6442, 'Xã Tân Thành', 'Xã', 186),
(6445, 'Xã Hòa Sơn', 'Xã', 186),
(6448, 'Xã Minh Sơn', 'Xã', 186),
(6451, 'Xã Hồ Sơn', 'Xã', 186),
(6454, 'Xã Sơn Hà', 'Xã', 186),
(6457, 'Xã Minh Hòa', 'Xã', 186),
(6460, 'Xã Hòa Thắng', 'Xã', 186),
(6463, 'Thị trấn Đồng Mỏ', 'Thị trấn', 187),
(6466, 'Thị trấn Chi Lăng', 'Thị trấn', 187),
(6469, 'Xã Vân An', 'Xã', 187),
(6472, 'Xã Vân Thủy', 'Xã', 187),
(6475, 'Xã Gia Lộc', 'Xã', 187),
(6478, 'Xã Bắc Thủy', 'Xã', 187),
(6481, 'Xã Chiến Thắng', 'Xã', 187),
(6484, 'Xã Mai Sao', 'Xã', 187),
(6487, 'Xã Bằng Hữu', 'Xã', 187),
(6490, 'Xã Thượng Cường', 'Xã', 187),
(6493, 'Xã Bằng Mạc', 'Xã', 187),
(6496, 'Xã Nhân Lý', 'Xã', 187),
(6499, 'Xã Lâm Sơn', 'Xã', 187),
(6502, 'Xã Liên Sơn', 'Xã', 187),
(6505, 'Xã Vạn Linh', 'Xã', 187),
(6508, 'Xã Hòa Bình', 'Xã', 187),
(6511, 'Xã Quang Lang', 'Xã', 187),
(6514, 'Xã Hữu Kiên', 'Xã', 187),
(6517, 'Xã Quan Sơn', 'Xã', 187),
(6520, 'Xã Y Tịch', 'Xã', 187),
(6523, 'Xã Chi Lăng', 'Xã', 187),
(6526, 'Thị trấn Na Dương', 'Thị trấn', 188),
(6529, 'Thị trấn Lộc Bình', 'Thị trấn', 188),
(6532, 'Xã Mẫu Sơn', 'Xã', 188),
(6535, 'Xã Bằng Khánh', 'Xã', 188),
(6538, 'Xã Xuân Lễ', 'Xã', 188),
(6541, 'Xã Yên Khoái', 'Xã', 188),
(6544, 'Xã Xuân Mãn', 'Xã', 188),
(6547, 'Xã Tú Mịch', 'Xã', 188),
(6550, 'Xã Hữu Khánh', 'Xã', 188),
(6553, 'Xã Đồng Bục', 'Xã', 188),
(6556, 'Xã Vân Mộng', 'Xã', 188),
(6559, 'Xã Tam Gia', 'Xã', 188),
(6562, 'Xã Tú Đoạn', 'Xã', 188),
(6565, 'Xã Khuất Xá', 'Xã', 188),
(6568, 'Xã Như Khuê', 'Xã', 188),
(6571, 'Xã Lục Thôn', 'Xã', 188),
(6574, 'Xã Tĩnh Bắc', 'Xã', 188),
(6577, 'Xã Xuân Tình', 'Xã', 188),
(6580, 'Xã Hiệp Hạ', 'Xã', 188),
(6583, 'Xã Nhượng Bạn', 'Xã', 188),
(6586, 'Xã Quan Bản', 'Xã', 188),
(6589, 'Xã Sàn Viên', 'Xã', 188),
(6592, 'Xã Đông Quan', 'Xã', 188),
(6595, 'Xã Minh Phát', 'Xã', 188),
(6598, 'Xã Hữu Lân', 'Xã', 188),
(6601, 'Xã Lợi Bác', 'Xã', 188),
(6604, 'Xã Nam Quan', 'Xã', 188),
(6607, 'Xã Xuân Dương', 'Xã', 188),
(6610, 'Xã Ái Quốc', 'Xã', 188),
(6613, 'Thị trấn Đình Lập', 'Thị trấn', 189),
(6616, 'Thị trấn NT Thái Bình', 'Thị trấn', 189),
(6619, 'Xã Bắc Xa', 'Xã', 189),
(6622, 'Xã Bính Xá', 'Xã', 189),
(6625, 'Xã Kiên Mộc', 'Xã', 189),
(6628, 'Xã Đình Lập', 'Xã', 189),
(6631, 'Xã Thái Bình', 'Xã', 189),
(6634, 'Xã Cường Lợi', 'Xã', 189),
(6637, 'Xã Châu Sơn', 'Xã', 189),
(6640, 'Xã Lâm Ca', 'Xã', 189),
(6643, 'Xã Đồng Thắng', 'Xã', 189),
(6646, 'Xã Bắc Lãng', 'Xã', 189),
(6649, 'Phường Hà Khánh', 'Phường', 193),
(6652, 'Phường Hà Phong', 'Phường', 193),
(6655, 'Phường Hà Khẩu', 'Phường', 193),
(6658, 'Phường Cao Xanh', 'Phường', 193),
(6661, 'Phường Giếng Đáy', 'Phường', 193),
(6664, 'Phường Hà Tu', 'Phường', 193),
(6667, 'Phường Hà Trung', 'Phường', 193),
(6670, 'Phường Hà Lầm', 'Phường', 193),
(6673, 'Phường Bãi Cháy', 'Phường', 193),
(6676, 'Phường Cao Thắng', 'Phường', 193),
(6679, 'Phường Hùng Thắng', 'Phường', 193),
(6682, 'Phường Yết Kiêu', 'Phường', 193),
(6685, 'Phường Trần Hưng Đạo', 'Phường', 193),
(6688, 'Phường Hồng Hải', 'Phường', 193),
(6691, 'Phường Hồng Gai', 'Phường', 193),
(6694, 'Phường Bạch Đằng', 'Phường', 193),
(6697, 'Phường Hồng Hà', 'Phường', 193),
(6700, 'Phường Tuần Châu', 'Phường', 193),
(6703, 'Phường Việt Hưng', 'Phường', 193),
(6706, 'Phường Đại Yên', 'Phường', 193),
(6709, 'Phường Ka Long', 'Phường', 194),
(6712, 'Phường Trần Phú', 'Phường', 194),
(6715, 'Phường Ninh Dương', 'Phường', 194),
(6718, 'Phường Hoà Lạc', 'Phường', 194),
(6721, 'Phường Trà Cổ', 'Phường', 194),
(6724, 'Xã Hải Sơn', 'Xã', 194),
(6727, 'Xã Bắc Sơn', 'Xã', 194),
(6730, 'Xã Hải Đông', 'Xã', 194),
(6733, 'Xã Hải Tiến', 'Xã', 194),
(6736, 'Phường Hải Yên', 'Phường', 194),
(6739, 'Xã Quảng Nghĩa', 'Xã', 194),
(6742, 'Phường Hải Hoà', 'Phường', 194),
(6745, 'Xã Hải Xuân', 'Xã', 194),
(6748, 'Xã Vạn Ninh', 'Xã', 194),
(6751, 'Phường Bình Ngọc', 'Phường', 194),
(6754, 'Xã Vĩnh Trung', 'Xã', 194),
(6757, 'Xã Vĩnh Thực', 'Xã', 194),
(6760, 'Phường Mông Dương', 'Phường', 195),
(6763, 'Phường Cửa Ông', 'Phường', 195),
(6766, 'Phường Cẩm Sơn', 'Phường', 195),
(6769, 'Phường Cẩm Đông', 'Phường', 195),
(6772, 'Phường Cẩm Phú', 'Phường', 195),
(6775, 'Phường Cẩm Tây', 'Phường', 195),
(6778, 'Phường Quang Hanh', 'Phường', 195),
(6781, 'Phường Cẩm Thịnh', 'Phường', 195),
(6784, 'Phường Cẩm Thủy', 'Phường', 195),
(6787, 'Phường Cẩm Thạch', 'Phường', 195),
(6790, 'Phường Cẩm Thành', 'Phường', 195),
(6793, 'Phường Cẩm Trung', 'Phường', 195),
(6796, 'Phường Cẩm Bình', 'Phường', 195),
(6799, 'Xã Cộng Hòa', 'Xã', 195),
(6802, 'Xã Cẩm Hải', 'Xã', 195),
(6805, 'Xã Dương Huy', 'Xã', 195),
(6808, 'Phường Vàng Danh', 'Phường', 196),
(6811, 'Phường Thanh Sơn', 'Phường', 196),
(6814, 'Phường Bắc Sơn', 'Phường', 196),
(6817, 'Phường Quang Trung', 'Phường', 196),
(6820, 'Phường Trưng Vương', 'Phường', 196),
(6823, 'Phường Nam Khê', 'Phường', 196),
(6826, 'Phường Yên Thanh', 'Phường', 196),
(6829, 'Xã Thượng Yên Công', 'Xã', 196),
(6832, 'Phường Phương Đông', 'Phường', 196),
(6835, 'Phường Phương Nam', 'Phường', 196),
(6838, 'Thị trấn Bình Liêu', 'Thị trấn', 198),
(6841, 'Xã Hoành Mô', 'Xã', 198),
(6844, 'Xã Đồng Tâm', 'Xã', 198),
(6847, 'Xã Đồng Văn', 'Xã', 198),
(6850, 'Xã Tình Húc', 'Xã', 198),
(6853, 'Xã Vô Ngại', 'Xã', 198),
(6856, 'Xã Lục Hồn', 'Xã', 198),
(6859, 'Xã Húc Động', 'Xã', 198),
(6862, 'Thị trấn Tiên Yên', 'Thị trấn', 199),
(6865, 'Xã Hà Lâu', 'Xã', 199),
(6868, 'Xã Đại Dực', 'Xã', 199),
(6869, 'Xã Đại Thành', 'Xã', 199),
(6871, 'Xã Phong Dụ', 'Xã', 199),
(6874, 'Xã Điền Xá', 'Xã', 199),
(6877, 'Xã Đông Ngũ', 'Xã', 199),
(6880, 'Xã Yên Than', 'Xã', 199),
(6883, 'Xã Đông Hải', 'Xã', 199),
(6886, 'Xã Hải Lạng', 'Xã', 199),
(6889, 'Xã Tiên Lãng', 'Xã', 199),
(6892, 'Xã Đồng Rui', 'Xã', 199),
(6895, 'Thị trấn Đầm Hà', 'Thị trấn', 200),
(6898, 'Xã Quảng Lâm', 'Xã', 200),
(6901, 'Xã Quảng An', 'Xã', 200),
(6904, 'Xã Tân Bình', 'Xã', 200),
(6907, 'Xã Quảng Lợi', 'Xã', 200),
(6910, 'Xã Dực Yên', 'Xã', 200),
(6913, 'Xã Quảng Tân', 'Xã', 200),
(6916, 'Xã Đầm Hà', 'Xã', 200),
(6917, 'Xã Tân Lập', 'Xã', 200),
(6919, 'Xã Đại Bình', 'Xã', 200),
(6922, 'Thị trấn Quảng Hà', 'Thị trấn', 201),
(6925, 'Xã Quảng Đức', 'Xã', 201),
(6928, 'Xã Quảng Sơn', 'Xã', 201),
(6931, 'Xã Quảng Thành', 'Xã', 201),
(6934, 'Xã Quảng Thắng', 'Xã', 201),
(6937, 'Xã Quảng Thịnh', 'Xã', 201),
(6940, 'Xã Quảng Minh', 'Xã', 201),
(6943, 'Xã Quảng Chính', 'Xã', 201),
(6946, 'Xã Quảng Long', 'Xã', 201),
(6949, 'Xã Đường Hoa', 'Xã', 201),
(6952, 'Xã Quảng Phong', 'Xã', 201),
(6955, 'Xã Quảng Trung', 'Xã', 201),
(6958, 'Xã Phú Hải', 'Xã', 201),
(6961, 'Xã Quảng Điền', 'Xã', 201),
(6964, 'Xã Tiến Tới', 'Xã', 201),
(6967, 'Xã Cái Chiên', 'Xã', 201),
(6970, 'Thị trấn Ba Chẽ', 'Thị trấn', 202),
(6973, 'Xã Thanh Sơn', 'Xã', 202),
(6976, 'Xã Thanh Lâm', 'Xã', 202),
(6979, 'Xã Đạp Thanh', 'Xã', 202),
(6982, 'Xã Nam Sơn', 'Xã', 202),
(6985, 'Xã Lương Mông', 'Xã', 202),
(6988, 'Xã Đồn Đạc', 'Xã', 202),
(6991, 'Xã Minh Cầm', 'Xã', 202),
(6994, 'Thị trấn Cái Rồng', 'Thị trấn', 203),
(6997, 'Xã Đài Xuyên', 'Xã', 203),
(7000, 'Xã Bình Dân', 'Xã', 203),
(7003, 'Xã Vạn Yên', 'Xã', 203),
(7006, 'Xã Minh Châu', 'Xã', 203),
(7009, 'Xã Đoàn Kết', 'Xã', 203),
(7012, 'Xã Hạ Long', 'Xã', 203),
(7015, 'Xã Đông Xá', 'Xã', 203),
(7018, 'Xã Bản Sen', 'Xã', 203),
(7021, 'Xã Thắng Lợi', 'Xã', 203),
(7024, 'Xã Quan Lạn', 'Xã', 203),
(7027, 'Xã Ngọc Vừng', 'Xã', 203),
(7030, 'Thị trấn Trới', 'Thị trấn', 204),
(7033, 'Xã Kỳ Thượng', 'Xã', 204),
(7036, 'Xã Đồng Sơn', 'Xã', 204),
(7039, 'Xã Tân Dân', 'Xã', 204),
(7042, 'Xã Đồng Lâm', 'Xã', 204),
(7045, 'Xã Hòa Bình', 'Xã', 204),
(7048, 'Xã Vũ Oai', 'Xã', 204),
(7051, 'Xã Dân Chủ', 'Xã', 204),
(7054, 'Xã Quảng La', 'Xã', 204),
(7057, 'Xã Bằng Cả', 'Xã', 204),
(7060, 'Xã Thống Nhất', 'Xã', 204),
(7063, 'Xã Sơn Dương', 'Xã', 204),
(7066, 'Xã Lê Lợi', 'Xã', 204),
(7069, 'Phường Mạo Khê', 'Phường', 205),
(7072, 'Phường Đông Triều', 'Phường', 205),
(7075, 'Xã An Sinh', 'Xã', 205),
(7078, 'Xã Tràng Lương', 'Xã', 205),
(7081, 'Xã Bình Khê', 'Xã', 205),
(7084, 'Xã Việt Dân', 'Xã', 205),
(7087, 'Xã Tân Việt', 'Xã', 205),
(7090, 'Xã Bình Dương', 'Xã', 205),
(7093, 'Phường Đức Chính', 'Phường', 205),
(7096, 'Xã Tràng An', 'Xã', 205),
(7099, 'Xã Nguyễn Huệ', 'Xã', 205),
(7102, 'Xã Thủy An', 'Xã', 205),
(7105, 'Phường Xuân Sơn', 'Phường', 205),
(7108, 'Xã Hồng Thái Tây', 'Xã', 205),
(7111, 'Xã Hồng Thái Đông', 'Xã', 205),
(7114, 'Xã Hoàng Quế', 'Xã', 205),
(7117, 'Xã Yên Thọ', 'Xã', 205),
(7120, 'Xã Hồng Phong', 'Xã', 205),
(7123, 'Phường Kim Sơn', 'Phường', 205),
(7126, 'Phường Hưng Đạo', 'Phường', 205),
(7129, 'Xã Yên Đức', 'Xã', 205),
(7132, 'Phường Quảng Yên', 'Phường', 206),
(7135, 'Phường Đông Mai', 'Phường', 206),
(7138, 'Phường Minh Thành', 'Phường', 206),
(7141, 'Xã Điền Công', 'Xã', 196),
(7144, 'Xã Sông Khoai', 'Xã', 206),
(7147, 'Xã Hiệp Hòa', 'Xã', 206),
(7150, 'Phường Cộng Hòa', 'Phường', 206),
(7153, 'Xã Tiền An', 'Xã', 206),
(7156, 'Xã Hoàng Tân', 'Xã', 206),
(7159, 'Phường Tân An', 'Phường', 206),
(7162, 'Phường Yên Giang', 'Phường', 206),
(7165, 'Phường Nam Hoà', 'Phường', 206),
(7168, 'Phường Hà An', 'Phường', 206),
(7171, 'Xã Cẩm La', 'Xã', 206),
(7174, 'Phường Phong Hải', 'Phường', 206),
(7177, 'Phường Yên Hải', 'Phường', 206),
(7180, 'Xã Liên Hòa', 'Xã', 206),
(7183, 'Phường Phong Cốc', 'Phường', 206),
(7186, 'Xã Liên Vị', 'Xã', 206),
(7189, 'Xã Tiền Phong', 'Xã', 206),
(7192, 'Thị trấn Cô Tô', 'Thị trấn', 207),
(7195, 'Xã Đồng Tiến', 'Xã', 207),
(7198, 'Xã Thanh Lân', 'Xã', 207),
(7201, 'Phường Thọ Xương', 'Phường', 213),
(7204, 'Phường Trần Nguyên Hãn', 'Phường', 213),
(7207, 'Phường Ngô Quyền', 'Phường', 213),
(7210, 'Phường Hoàng Văn Thụ', 'Phường', 213),
(7213, 'Phường Trần Phú', 'Phường', 213),
(7216, 'Phường Mỹ Độ', 'Phường', 213),
(7219, 'Phường Lê Lợi', 'Phường', 213),
(7222, 'Xã Song Mai', 'Xã', 213),
(7225, 'Phường Xương Giang', 'Phường', 213),
(7228, 'Phường Đa Mai', 'Phường', 213),
(7231, 'Phường Dĩnh Kế', 'Phường', 213),
(7234, 'Thị trấn Cầu Gồ', 'Thị trấn', 215),
(7237, 'Thị trấn Bố Hạ', 'Thị trấn', 215),
(7243, 'Xã Đồng Tiến', 'Xã', 215),
(7246, 'Xã Canh Nậu', 'Xã', 215),
(7249, 'Xã Xuân Lương', 'Xã', 215),
(7252, 'Xã Tam Tiến', 'Xã', 215),
(7255, 'Xã Đồng Vương', 'Xã', 215),
(7258, 'Xã Đồng Hưu', 'Xã', 215),
(7260, 'Xã Đồng Tâm', 'Xã', 215),
(7261, 'Xã Tam Hiệp', 'Xã', 215),
(7264, 'Xã Tiến Thắng', 'Xã', 215),
(7267, 'Xã Hồng Kỳ', 'Xã', 215),
(7270, 'Xã Đồng Lạc', 'Xã', 215),
(7273, 'Xã Đông Sơn', 'Xã', 215),
(7276, 'Xã Tân Hiệp', 'Xã', 215),
(7279, 'Xã Hương Vĩ', 'Xã', 215),
(7282, 'Xã Đồng Kỳ', 'Xã', 215),
(7285, 'Xã An Thượng', 'Xã', 215),
(7288, 'Xã Phồn Xương', 'Xã', 215),
(7291, 'Xã Tân Sỏi', 'Xã', 215),
(7294, 'Xã Bố Hạ', 'Xã', 215),
(7297, 'Thị trấn Cao Thượng', 'Thị trấn', 216),
(7300, 'Thị trấn Nhã Nam', 'Thị trấn', 216),
(7303, 'Xã Lan Giới', 'Xã', 216),
(7306, 'Xã Nhã Nam', 'Xã', 216),
(7309, 'Xã Tân Trung', 'Xã', 216),
(7312, 'Xã Đại Hóa', 'Xã', 216),
(7315, 'Xã Quang Tiến', 'Xã', 216),
(7318, 'Xã Phúc Sơn', 'Xã', 216),
(7321, 'Xã An Dương', 'Xã', 216),
(7324, 'Xã Phúc Hòa', 'Xã', 216),
(7327, 'Xã Liên Sơn', 'Xã', 216),
(7330, 'Xã Hợp Đức', 'Xã', 216),
(7333, 'Xã Lam Cốt', 'Xã', 216),
(7336, 'Xã Cao Xá', 'Xã', 216),
(7339, 'Xã Cao Thượng', 'Xã', 216),
(7342, 'Xã Việt Ngọc', 'Xã', 216),
(7345, 'Xã Song Vân', 'Xã', 216),
(7348, 'Xã Ngọc Châu', 'Xã', 216),
(7351, 'Xã Ngọc Vân', 'Xã', 216),
(7354, 'Xã Việt Lập', 'Xã', 216),
(7357, 'Xã Liên Chung', 'Xã', 216),
(7360, 'Xã Ngọc Thiện', 'Xã', 216),
(7363, 'Xã Ngọc Lý', 'Xã', 216),
(7366, 'Xã Quế Nham', 'Xã', 216),
(7369, 'Thị trấn Kép', 'Thị trấn', 217),
(7375, 'Thị trấn Vôi', 'Thị trấn', 217),
(7378, 'Xã Nghĩa Hòa', 'Xã', 217),
(7381, 'Xã Nghĩa Hưng', 'Xã', 217),
(7384, 'Xã Quang Thịnh', 'Xã', 217),
(7387, 'Xã Hương Sơn', 'Xã', 217),
(7390, 'Xã Đào Mỹ', 'Xã', 217),
(7393, 'Xã Tiên Lục', 'Xã', 217),
(7396, 'Xã An Hà', 'Xã', 217),
(7399, 'Xã Tân Thịnh', 'Xã', 217),
(7402, 'Xã Mỹ Hà', 'Xã', 217),
(7405, 'Xã Hương Lạc', 'Xã', 217),
(7408, 'Xã Dương Đức', 'Xã', 217),
(7411, 'Xã Tân Thanh', 'Xã', 217),
(7414, 'Xã Yên Mỹ', 'Xã', 217),
(7417, 'Xã Tân Hưng', 'Xã', 217),
(7420, 'Xã Mỹ Thái', 'Xã', 217),
(7423, 'Xã Phi Mô', 'Xã', 217),
(7426, 'Xã Xương Lâm', 'Xã', 217),
(7429, 'Xã Xuân Hương', 'Xã', 217),
(7432, 'Xã Tân Dĩnh', 'Xã', 217),
(7435, 'Xã Đại Lâm', 'Xã', 217),
(7438, 'Xã Thái Đào', 'Xã', 217),
(7441, 'Xã Dĩnh Trì', 'Xã', 213),
(7444, 'Thị trấn Đồi Ngô', 'Thị trấn', 218),
(7447, 'Thị trấn Lục Nam', 'Thị trấn', 218),
(7450, 'Xã Đông Hưng', 'Xã', 218),
(7453, 'Xã Đông Phú', 'Xã', 218),
(7456, 'Xã Tam Dị', 'Xã', 218),
(7459, 'Xã Bảo Sơn', 'Xã', 218),
(7462, 'Xã Bảo Đài', 'Xã', 218),
(7465, 'Xã Thanh Lâm', 'Xã', 218),
(7468, 'Xã Tiên Nha', 'Xã', 218),
(7471, 'Xã Trường Giang', 'Xã', 218),
(7474, 'Xã Tiên Hưng', 'Xã', 218),
(7477, 'Xã Phương Sơn', 'Xã', 218),
(7480, 'Xã Chu Điện', 'Xã', 218),
(7483, 'Xã Cương Sơn', 'Xã', 218),
(7486, 'Xã Nghĩa Phương', 'Xã', 218),
(7489, 'Xã Vô Tranh', 'Xã', 218),
(7492, 'Xã Bình Sơn', 'Xã', 218),
(7495, 'Xã Lan Mẫu', 'Xã', 218),
(7498, 'Xã Yên Sơn', 'Xã', 218),
(7501, 'Xã Khám Lạng', 'Xã', 218),
(7504, 'Xã Huyền Sơn', 'Xã', 218),
(7507, 'Xã Trường Sơn', 'Xã', 218),
(7510, 'Xã Lục Sơn', 'Xã', 218),
(7513, 'Xã Bắc Lũng', 'Xã', 218),
(7516, 'Xã Vũ Xá', 'Xã', 218),
(7519, 'Xã Cẩm Lý', 'Xã', 218),
(7522, 'Xã Đan Hội', 'Xã', 218),
(7525, 'Thị trấn Chũ', 'Thị trấn', 219),
(7528, 'Xã Cấm Sơn', 'Xã', 219),
(7531, 'Xã Tân Sơn', 'Xã', 219),
(7534, 'Xã Phong Minh', 'Xã', 219),
(7537, 'Xã Phong Vân', 'Xã', 219),
(7540, 'Xã Xa Lý', 'Xã', 219),
(7543, 'Xã Hộ Đáp', 'Xã', 219),
(7546, 'Xã Sơn Hải', 'Xã', 219),
(7549, 'Xã Thanh Hải', 'Xã', 219),
(7552, 'Xã Kiên Lao', 'Xã', 219),
(7555, 'Xã Biên Sơn', 'Xã', 219),
(7558, 'Xã Kiên Thành', 'Xã', 219),
(7561, 'Xã Hồng Giang', 'Xã', 219),
(7564, 'Xã Kim Sơn', 'Xã', 219),
(7567, 'Xã Tân Hoa', 'Xã', 219),
(7570, 'Xã Giáp Sơn', 'Xã', 219),
(7573, 'Xã Biển Động', 'Xã', 219),
(7576, 'Xã Quý Sơn', 'Xã', 219),
(7579, 'Xã Trù Hựu', 'Xã', 219),
(7582, 'Xã Phì Điền', 'Xã', 219),
(7585, 'Xã Nghĩa Hồ', 'Xã', 219),
(7588, 'Xã Tân Quang', 'Xã', 219),
(7591, 'Xã Đồng Cốc', 'Xã', 219),
(7594, 'Xã Tân Lập', 'Xã', 219),
(7597, 'Xã Phú Nhuận', 'Xã', 219),
(7600, 'Xã Mỹ An', 'Xã', 219),
(7603, 'Xã Nam Dương', 'Xã', 219),
(7606, 'Xã Tân Mộc', 'Xã', 219),
(7609, 'Xã Đèo Gia', 'Xã', 219),
(7612, 'Xã Phượng Sơn', 'Xã', 219),
(7615, 'Thị trấn An Châu', 'Thị trấn', 220),
(7616, 'Thị trấn Thanh Sơn', 'Thị trấn', 220),
(7618, 'Xã Thạch Sơn', 'Xã', 220),
(7621, 'Xã Vân Sơn', 'Xã', 220),
(7624, 'Xã Hữu Sản', 'Xã', 220),
(7627, 'Xã Quế Sơn', 'Xã', 220),
(7630, 'Xã Phúc Thắng', 'Xã', 220),
(7633, 'Xã Chiên Sơn', 'Xã', 220),
(7636, 'Xã Giáo Liêm', 'Xã', 220),
(7639, 'Xã Vĩnh Khương', 'Xã', 220),
(7642, 'Xã Cẩm Đàn', 'Xã', 220),
(7645, 'Xã An Lạc', 'Xã', 220),
(7648, 'Xã An Lập', 'Xã', 220),
(7651, 'Xã Yên Định', 'Xã', 220),
(7654, 'Xã Lệ Viễn', 'Xã', 220),
(7657, 'Xã An Châu', 'Xã', 220),
(7660, 'Xã An Bá', 'Xã', 220),
(7663, 'Xã Tuấn Đạo', 'Xã', 220),
(7666, 'Xã Dương Hưu', 'Xã', 220),
(7669, 'Xã Bồng Am', 'Xã', 220),
(7672, 'Xã Long Sơn', 'Xã', 220),
(7675, 'Xã Tuấn Mậu', 'Xã', 220),
(7678, 'Xã Thanh Luận', 'Xã', 220),
(7681, 'Thị trấn Neo', 'Thị trấn', 221),
(7682, 'Thị trấn Tân Dân', 'Thị trấn', 221),
(7684, 'Xã Lão Hộ', 'Xã', 221),
(7687, 'Xã Tân Mỹ', 'Xã', 213),
(7690, 'Xã Hương Gián', 'Xã', 221),
(7693, 'Xã Tân An', 'Xã', 221),
(7696, 'Xã Đồng Sơn', 'Xã', 213),
(7699, 'Xã Tân Tiến', 'Xã', 213),
(7702, 'Xã Quỳnh Sơn', 'Xã', 221),
(7705, 'Xã Song Khê', 'Xã', 213),
(7708, 'Xã Nội Hoàng', 'Xã', 221),
(7711, 'Xã Tiền Phong', 'Xã', 221),
(7714, 'Xã Xuân Phú', 'Xã', 221),
(7717, 'Xã Tân Liễu', 'Xã', 221),
(7720, 'Xã Trí Yên', 'Xã', 221),
(7723, 'Xã Lãng Sơn', 'Xã', 221),
(7726, 'Xã Yên Lư', 'Xã', 221),
(7729, 'Xã Tiến Dũng', 'Xã', 221),
(7732, 'Xã Nham Sơn', 'Xã', 221),
(7735, 'Xã Đức Giang', 'Xã', 221),
(7738, 'Xã Cảnh Thụy', 'Xã', 221),
(7741, 'Xã Tư Mại', 'Xã', 221),
(7744, 'Xã Thắng Cương', 'Xã', 221),
(7747, 'Xã Đồng Việt', 'Xã', 221),
(7750, 'Xã Đồng Phúc', 'Xã', 221),
(7753, 'Thị trấn  Bích Động', 'Thị trấn', 222),
(7756, 'Thị trấn Nếnh', 'Thị trấn', 222),
(7759, 'Xã Thượng Lan', 'Xã', 222),
(7762, 'Xã Việt Tiến', 'Xã', 222),
(7765, 'Xã Nghĩa Trung', 'Xã', 222),
(7768, 'Xã Minh Đức', 'Xã', 222),
(7771, 'Xã Hương Mai', 'Xã', 222),
(7774, 'Xã Tự Lạn', 'Xã', 222),
(7777, 'Xã Bích Sơn', 'Xã', 222),
(7780, 'Xã Trung Sơn', 'Xã', 222),
(7783, 'Xã Hồng Thái', 'Xã', 222),
(7786, 'Xã Tiên Sơn', 'Xã', 222),
(7789, 'Xã Tăng Tiến', 'Xã', 222),
(7792, 'Xã Quảng Minh', 'Xã', 222),
(7795, 'Xã Hoàng Ninh', 'Xã', 222),
(7798, 'Xã Ninh Sơn', 'Xã', 222),
(7801, 'Xã Vân Trung', 'Xã', 222),
(7804, 'Xã Vân Hà', 'Xã', 222),
(7807, 'Xã Quang Châu', 'Xã', 222),
(7810, 'Thị trấn Thắng', 'Thị trấn', 223),
(7813, 'Xã Đồng Tân', 'Xã', 223),
(7816, 'Xã Thanh Vân', 'Xã', 223),
(7819, 'Xã Hoàng Lương', 'Xã', 223),
(7822, 'Xã Hoàng Vân', 'Xã', 223),
(7825, 'Xã Hoàng Thanh', 'Xã', 223),
(7828, 'Xã Hoàng An', 'Xã', 223),
(7831, 'Xã Ngọc Sơn', 'Xã', 223),
(7834, 'Xã Thái Sơn', 'Xã', 223),
(7837, 'Xã Hòa Sơn', 'Xã', 223),
(7840, 'Xã Đức Thắng', 'Xã', 223),
(7843, 'Xã Quang Minh', 'Xã', 223),
(7846, 'Xã Lương Phong', 'Xã', 223),
(7849, 'Xã Hùng Sơn', 'Xã', 223),
(7852, 'Xã Đại Thành', 'Xã', 223),
(7855, 'Xã Thường Thắng', 'Xã', 223),
(7858, 'Xã Hợp Thịnh', 'Xã', 223),
(7861, 'Xã Danh Thắng', 'Xã', 223),
(7864, 'Xã Mai Trung', 'Xã', 223),
(7867, 'Xã Đoan Bái', 'Xã', 223),
(7870, 'Xã Bắc Lý', 'Xã', 223),
(7873, 'Xã Xuân Cẩm', 'Xã', 223),
(7876, 'Xã Hương Lâm', 'Xã', 223),
(7879, 'Xã Đông Lỗ', 'Xã', 223),
(7882, 'Xã Châu Minh', 'Xã', 223),
(7885, 'Xã Mai Đình', 'Xã', 223),
(7888, 'Phường Dữu Lâu', 'Phường', 227),
(7891, 'Phường Vân Cơ', 'Phường', 227),
(7894, 'Phường Nông Trang', 'Phường', 227),
(7897, 'Phường Tân Dân', 'Phường', 227),
(7900, 'Phường Gia Cẩm', 'Phường', 227),
(7903, 'Phường Tiên Cát', 'Phường', 227),
(7906, 'Phường Thọ Sơn', 'Phường', 227),
(7909, 'Phường Thanh Miếu', 'Phường', 227),
(7912, 'Phường Bạch Hạc', 'Phường', 227),
(7915, 'Phường Bến Gót', 'Phường', 227),
(7918, 'Phường Vân Phú', 'Phường', 227),
(7921, 'Xã Phượng Lâu', 'Xã', 227),
(7924, 'Xã Thụy Vân', 'Xã', 227),
(7927, 'Phường Minh Phương', 'Phường', 227),
(7930, 'Xã Trưng Vương', 'Xã', 227),
(7933, 'Phường Minh Nông', 'Phường', 227),
(7936, 'Xã Sông Lô', 'Xã', 227),
(7939, 'Phường Trường Thịnh', 'Phường', 228),
(7942, 'Phường Hùng Vương', 'Phường', 228),
(7945, 'Phường Phong Châu', 'Phường', 228),
(7948, 'Phường Âu Cơ', 'Phường', 228),
(7951, 'Xã Hà Lộc', 'Xã', 228),
(7954, 'Xã Phú Hộ', 'Xã', 228),
(7957, 'Xã Văn Lung', 'Xã', 228),
(7960, 'Xã Thanh Minh', 'Xã', 228),
(7963, 'Xã Hà Thạch', 'Xã', 228),
(7966, 'Phường Thanh Vinh', 'Phường', 228),
(7969, 'Thị trấn Đoan Hùng', 'Thị trấn', 230),
(7972, 'Xã Đông Khê', 'Xã', 230),
(7975, 'Xã Nghinh Xuyên', 'Xã', 230),
(7978, 'Xã Hùng Quan', 'Xã', 230),
(7981, 'Xã Bằng Luân', 'Xã', 230),
(7984, 'Xã Vân Du', 'Xã', 230),
(7987, 'Xã Phương Trung', 'Xã', 230),
(7990, 'Xã Quế Lâm', 'Xã', 230),
(7993, 'Xã Minh Lương', 'Xã', 230),
(7996, 'Xã Bằng Doãn', 'Xã', 230),
(7999, 'Xã Chí Đám', 'Xã', 230),
(8002, 'Xã Phong Phú', 'Xã', 230),
(8005, 'Xã Phúc Lai', 'Xã', 230),
(8008, 'Xã Ngọc Quan', 'Xã', 230),
(8011, 'Xã Hữu Đô', 'Xã', 230),
(8014, 'Xã Đại Nghĩa', 'Xã', 230),
(8017, 'Xã Sóc Đăng', 'Xã', 230),
(8020, 'Xã Phú Thứ', 'Xã', 230),
(8023, 'Xã Tây Cốc', 'Xã', 230),
(8026, 'Xã Yên Kiện', 'Xã', 230),
(8029, 'Xã Hùng Long', 'Xã', 230),
(8032, 'Xã Vụ Quang', 'Xã', 230),
(8035, 'Xã Vân Đồn', 'Xã', 230),
(8038, 'Xã Tiêu Sơn', 'Xã', 230),
(8041, 'Xã Minh Tiến', 'Xã', 230),
(8044, 'Xã Minh Phú', 'Xã', 230),
(8047, 'Xã Chân Mộng', 'Xã', 230),
(8050, 'Xã Ca Đình', 'Xã', 230),
(8053, 'Thị trấn Hạ Hoà', 'Thị trấn', 231),
(8056, 'Xã Đại Phạm', 'Xã', 231),
(8059, 'Xã Hậu Bổng', 'Xã', 231),
(8062, 'Xã Đan Hà', 'Xã', 231),
(8065, 'Xã Hà Lương', 'Xã', 231),
(8068, 'Xã Lệnh Khanh', 'Xã', 231),
(8071, 'Xã Phụ Khánh', 'Xã', 231),
(8074, 'Xã Liên Phương', 'Xã', 231),
(8077, 'Xã Đan Thượng', 'Xã', 231),
(8080, 'Xã Hiền Lương', 'Xã', 231),
(8083, 'Xã Động Lâm', 'Xã', 231),
(8086, 'Xã Lâm Lợi', 'Xã', 231),
(8089, 'Xã Phương Viên', 'Xã', 231),
(8092, 'Xã Gia Điền', 'Xã', 231),
(8095, 'Xã Ấm Hạ', 'Xã', 231),
(8098, 'Xã Quân Khê', 'Xã', 231),
(8101, 'Xã Y Sơn', 'Xã', 231),
(8104, 'Xã Hương Xạ', 'Xã', 231),
(8107, 'Xã Cáo Điền', 'Xã', 231),
(8110, 'Xã Xuân Áng', 'Xã', 231),
(8113, 'Xã Yên Kỳ', 'Xã', 231),
(8116, 'Xã Chuế Lưu', 'Xã', 231),
(8119, 'Xã Minh Hạc', 'Xã', 231),
(8122, 'Xã Lang Sơn', 'Xã', 231),
(8125, 'Xã Bằng Giã', 'Xã', 231),
(8128, 'Xã Yên Luật', 'Xã', 231),
(8131, 'Xã Vô Tranh', 'Xã', 231),
(8134, 'Xã Văn Lang', 'Xã', 231),
(8137, 'Xã Chính Công', 'Xã', 231),
(8140, 'Xã Minh Côi', 'Xã', 231),
(8143, 'Xã Vĩnh Chân', 'Xã', 231),
(8146, 'Xã Mai Tùng', 'Xã', 231),
(8149, 'Xã Vụ Cầu', 'Xã', 231),
(8152, 'Thị trấn Thanh Ba', 'Thị trấn', 232),
(8155, 'Xã Thanh Vân', 'Xã', 232),
(8156, 'Xã Vân Lĩnh', 'Xã', 232),
(8158, 'Xã Đông Lĩnh', 'Xã', 232),
(8161, 'Xã Đại An', 'Xã', 232),
(8164, 'Xã Hanh Cù', 'Xã', 232),
(8167, 'Xã Thái Ninh', 'Xã', 232),
(8170, 'Xã Đồng Xuân', 'Xã', 232),
(8173, 'Xã Năng Yên', 'Xã', 232),
(8176, 'Xã Yển Khê', 'Xã', 232),
(8179, 'Xã Ninh Dân', 'Xã', 232),
(8182, 'Xã Quảng Nạp', 'Xã', 232),
(8185, 'Xã Vũ Yển', 'Xã', 232),
(8188, 'Xã Yên Nội', 'Xã', 232),
(8191, 'Xã Phương Lĩnh', 'Xã', 232),
(8194, 'Xã Võ Lao', 'Xã', 232),
(8197, 'Xã Khải Xuân', 'Xã', 232),
(8200, 'Xã Mạn Lạn', 'Xã', 232),
(8203, 'Xã Thanh Xá', 'Xã', 232),
(8206, 'Xã Chí Tiên', 'Xã', 232),
(8209, 'Xã Đông Thành', 'Xã', 232),
(8212, 'Xã Hoàng Cương', 'Xã', 232),
(8215, 'Xã Sơn Cương', 'Xã', 232),
(8218, 'Xã Thanh Hà', 'Xã', 232),
(8221, 'Xã Đỗ Sơn', 'Xã', 232),
(8224, 'Xã Đỗ Xuyên', 'Xã', 232),
(8227, 'Xã Lương Lỗ', 'Xã', 232),
(8230, 'Thị trấn Phong Châu', 'Thị trấn', 233),
(8233, 'Xã Phú Mỹ', 'Xã', 233),
(8234, 'Xã Lệ Mỹ', 'Xã', 233),
(8236, 'Xã Liên Hoa', 'Xã', 233),
(8239, 'Xã Trạm Thản', 'Xã', 233),
(8242, 'Xã Trị Quận', 'Xã', 233),
(8245, 'Xã Trung Giáp', 'Xã', 233),
(8248, 'Xã Tiên Phú', 'Xã', 233),
(8251, 'Xã Hạ Giáp', 'Xã', 233),
(8254, 'Xã Bảo Thanh', 'Xã', 233),
(8257, 'Xã Phú Lộc', 'Xã', 233),
(8260, 'Xã Gia Thanh', 'Xã', 233),
(8263, 'Xã Tiên Du', 'Xã', 233),
(8266, 'Xã Phú Nham', 'Xã', 233),
(8269, 'Xã Bình Bộ', 'Xã', 233),
(8272, 'Xã An Đạo', 'Xã', 233),
(8275, 'Xã Tử Đà', 'Xã', 233),
(8278, 'Xã Phù Ninh', 'Xã', 233),
(8281, 'Xã Kim Đức', 'Xã', 227),
(8284, 'Xã Vĩnh Phú', 'Xã', 233),
(8287, 'Xã Hùng Lô', 'Xã', 227),
(8290, 'Thị trấn Yên Lập', 'Thị trấn', 234),
(8293, 'Xã Mỹ Lung', 'Xã', 234),
(8296, 'Xã Mỹ Lương', 'Xã', 234),
(8299, 'Xã Lương Sơn', 'Xã', 234),
(8302, 'Xã Xuân An', 'Xã', 234),
(8305, 'Xã Xuân Viên', 'Xã', 234),
(8308, 'Xã Xuân Thủy', 'Xã', 234),
(8311, 'Xã Trung Sơn', 'Xã', 234),
(8314, 'Xã Hưng Long', 'Xã', 234),
(8317, 'Xã Nga Hoàng', 'Xã', 234),
(8320, 'Xã Đồng Lạc', 'Xã', 234),
(8323, 'Xã Thượng Long', 'Xã', 234),
(8326, 'Xã Đồng Thịnh', 'Xã', 234),
(8329, 'Xã Phúc Khánh', 'Xã', 234),
(8332, 'Xã Minh Hòa', 'Xã', 234),
(8335, 'Xã Ngọc Lập', 'Xã', 234),
(8338, 'Xã Ngọc Đồng', 'Xã', 234),
(8341, 'Thị trấn Sông Thao', 'Thị trấn', 235),
(8344, 'Xã Tiên Lương', 'Xã', 235),
(8347, 'Xã Tuy Lộc', 'Xã', 235),
(8350, 'Xã Ngô Xá', 'Xã', 235),
(8353, 'Xã Phương Xá', 'Xã', 235),
(8356, 'Xã Phượng Vĩ', 'Xã', 235),
(8359, 'Xã Đồng Cam', 'Xã', 235),
(8362, 'Xã Thụy Liễu', 'Xã', 235),
(8365, 'Xã Phùng Xá', 'Xã', 235),
(8368, 'Xã Sơn Nga', 'Xã', 235),
(8371, 'Xã Sai Nga', 'Xã', 235),
(8374, 'Xã Tùng Khê', 'Xã', 235),
(8377, 'Xã Tam Sơn', 'Xã', 235),
(8380, 'Xã Văn Bán', 'Xã', 235),
(8383, 'Xã Cấp Dẫn', 'Xã', 235),
(8386, 'Xã Thanh Nga', 'Xã', 235),
(8389, 'Xã Xương Thịnh', 'Xã', 235),
(8392, 'Xã Phú Khê', 'Xã', 235),
(8395, 'Xã Sơn Tình', 'Xã', 235),
(8398, 'Xã Yên Tập', 'Xã', 235),
(8401, 'Xã Hương Lung', 'Xã', 235),
(8404, 'Xã Tạ Xá', 'Xã', 235),
(8407, 'Xã Phú Lạc', 'Xã', 235),
(8410, 'Xã Tình Cương', 'Xã', 235),
(8413, 'Xã Chương Xá', 'Xã', 235),
(8416, 'Xã Hiền Đa', 'Xã', 235),
(8419, 'Xã Văn Khúc', 'Xã', 235),
(8422, 'Xã Yên Dưỡng', 'Xã', 235),
(8425, 'Xã Cát Trù', 'Xã', 235),
(8428, 'Xã Điêu Lương', 'Xã', 235),
(8431, 'Xã Đồng Lương', 'Xã', 235),
(8434, 'Thị trấn Hưng Hoá', 'Thị trấn', 236),
(8437, 'Xã Vực Trường', 'Xã', 236),
(8440, 'Xã Hiền Quan', 'Xã', 236),
(8443, 'Xã Hương Nha', 'Xã', 236),
(8446, 'Xã Thanh Uyên', 'Xã', 236),
(8449, 'Xã Xuân Quang', 'Xã', 236),
(8452, 'Xã Tứ Mỹ', 'Xã', 236),
(8455, 'Xã Văn Lương', 'Xã', 236),
(8458, 'Xã Hùng Đô', 'Xã', 236),
(8461, 'Xã Phương Thịnh', 'Xã', 236),
(8464, 'Xã Tam Cường', 'Xã', 236),
(8467, 'Xã Cổ Tiết', 'Xã', 236),
(8470, 'Xã Quang Húc', 'Xã', 236),
(8473, 'Xã Hương Nộn', 'Xã', 236),
(8476, 'Xã Tề Lễ', 'Xã', 236),
(8479, 'Xã Thọ Văn', 'Xã', 236),
(8482, 'Xã Dị Nậu', 'Xã', 236),
(8485, 'Xã Hồng Đà', 'Xã', 236),
(8488, 'Xã Dậu Dương', 'Xã', 236),
(8491, 'Xã Thượng Nông', 'Xã', 236),
(8494, 'Thị trấn Lâm Thao', 'Thị trấn', 237),
(8497, 'Xã Tiên Kiên', 'Xã', 237),
(8498, 'Thị trấn Hùng Sơn', 'Thị trấn', 237),
(8500, 'Xã Xuân Lũng', 'Xã', 237),
(8503, 'Xã Hy Cương', 'Xã', 227),
(8506, 'Xã Chu Hóa', 'Xã', 227),
(8509, 'Xã Xuân Huy', 'Xã', 237),
(8512, 'Xã Thạch Sơn', 'Xã', 237),
(8515, 'Xã Thanh Đình', 'Xã', 227),
(8518, 'Xã Sơn Vi', 'Xã', 237),
(8521, 'Xã Hợp Hải', 'Xã', 237),
(8524, 'Xã Sơn Dương', 'Xã', 237),
(8527, 'Xã Cao Xá', 'Xã', 237),
(8530, 'Xã Kinh Kệ', 'Xã', 237),
(8533, 'Xã Vĩnh Lại', 'Xã', 237),
(8536, 'Xã Tứ Xã', 'Xã', 237),
(8539, 'Xã Bản Nguyên', 'Xã', 237),
(8542, 'Thị trấn Thanh Sơn', 'Thị trấn', 238),
(8545, 'Xã Thu Cúc', 'Xã', 240),
(8548, 'Xã Thạch Kiệt', 'Xã', 240),
(8551, 'Xã Thu Ngạc', 'Xã', 240),
(8554, 'Xã Kiệt Sơn', 'Xã', 240),
(8557, 'Xã Đồng Sơn', 'Xã', 240),
(8560, 'Xã Lai Đồng', 'Xã', 240),
(8563, 'Xã Sơn Hùng', 'Xã', 238),
(8566, 'Xã Tân Phú', 'Xã', 240),
(8569, 'Xã Mỹ Thuận', 'Xã', 240),
(8572, 'Xã Địch Quả', 'Xã', 238),
(8575, 'Xã Giáp Lai', 'Xã', 238),
(8578, 'Xã Tân Sơn', 'Xã', 240),
(8581, 'Xã Thục Luyện', 'Xã', 238),
(8584, 'Xã Võ Miếu', 'Xã', 238),
(8587, 'Xã Thạch Khoán', 'Xã', 238),
(8590, 'Xã Xuân Đài', 'Xã', 240),
(8593, 'Xã Minh Đài', 'Xã', 240),
(8596, 'Xã Văn Luông', 'Xã', 240),
(8599, 'Xã Xuân Sơn', 'Xã', 240),
(8602, 'Xã Cự Thắng', 'Xã', 238),
(8605, 'Xã Tất Thắng', 'Xã', 238),
(8608, 'Xã Long Cốc', 'Xã', 240),
(8611, 'Xã Văn Miếu', 'Xã', 238),
(8614, 'Xã Cự Đồng', 'Xã', 238),
(8617, 'Xã Kim Thượng', 'Xã', 240),
(8620, 'Xã Tam Thanh', 'Xã', 240),
(8623, 'Xã Thắng Sơn', 'Xã', 238),
(8626, 'Xã Vinh Tiền', 'Xã', 240),
(8629, 'Xã Tân Minh', 'Xã', 238),
(8632, 'Xã Hương Cần', 'Xã', 238),
(8635, 'Xã Khả Cửu', 'Xã', 238),
(8638, 'Xã Đông Cửu', 'Xã', 238),
(8641, 'Xã Tân Lập', 'Xã', 238),
(8644, 'Xã Yên Lãng', 'Xã', 238),
(8647, 'Xã Yên Lương', 'Xã', 238),
(8650, 'Xã Thượng Cửu', 'Xã', 238),
(8653, 'Xã Lương Nha', 'Xã', 238),
(8656, 'Xã Yên Sơn', 'Xã', 238),
(8659, 'Xã Tinh Nhuệ', 'Xã', 238),
(8662, 'Xã Đào Xá', 'Xã', 239),
(8665, 'Xã Thạch Đồng', 'Xã', 239),
(8668, 'Xã Xuân Lộc', 'Xã', 239),
(8671, 'Xã Tân Phương', 'Xã', 239),
(8674, 'Thị trấn Thanh Thủy', 'Thị trấn', 239),
(8677, 'Xã Sơn Thủy', 'Xã', 239),
(8680, 'Xã Bảo Yên', 'Xã', 239),
(8683, 'Xã Đoan Hạ', 'Xã', 239),
(8686, 'Xã Đồng Luận', 'Xã', 239),
(8689, 'Xã Hoàng Xá', 'Xã', 239);
INSERT INTO `tbl_xaphuongthitran` (`xaid`, `name_xa`, `type`, `maqh`) VALUES
(8692, 'Xã Trung Thịnh', 'Xã', 239),
(8695, 'Xã Trung Nghĩa', 'Xã', 239),
(8698, 'Xã Phượng Mao', 'Xã', 239),
(8701, 'Xã Yến Mao', 'Xã', 239),
(8704, 'Xã Tu Vũ', 'Xã', 239),
(8707, 'Phường Tích Sơn', 'Phường', 243),
(8710, 'Phường Liên Bảo', 'Phường', 243),
(8713, 'Phường Hội Hợp', 'Phường', 243),
(8716, 'Phường Đống Đa', 'Phường', 243),
(8719, 'Phường Ngô Quyền', 'Phường', 243),
(8722, 'Phường Đồng Tâm', 'Phường', 243),
(8725, 'Xã Định Trung', 'Xã', 243),
(8728, 'Phường Khai Quang', 'Phường', 243),
(8731, 'Xã Thanh Trù', 'Xã', 243),
(8734, 'Phường Trưng Trắc', 'Phường', 244),
(8737, 'Phường Hùng Vương', 'Phường', 244),
(8740, 'Phường Trưng Nhị', 'Phường', 244),
(8743, 'Phường Phúc Thắng', 'Phường', 244),
(8746, 'Phường Xuân Hoà', 'Phường', 244),
(8747, 'Phường Đồng Xuân', 'Phường', 244),
(8749, 'Xã Ngọc Thanh', 'Xã', 244),
(8752, 'Xã Cao Minh', 'Xã', 244),
(8755, 'Xã Nam Viêm', 'Xã', 244),
(8758, 'Xã Tiền Châu', 'Xã', 244),
(8761, 'Thị trấn Lập Thạch', 'Thị trấn', 246),
(8764, 'Xã Quang Sơn', 'Xã', 246),
(8767, 'Xã Ngọc Mỹ', 'Xã', 246),
(8770, 'Xã Hợp Lý', 'Xã', 246),
(8773, 'Xã Lãng Công', 'Xã', 253),
(8776, 'Xã Quang Yên', 'Xã', 253),
(8779, 'Xã Bạch Lưu', 'Xã', 253),
(8782, 'Xã Hải Lựu', 'Xã', 253),
(8785, 'Xã Bắc Bình', 'Xã', 246),
(8788, 'Xã Thái Hòa', 'Xã', 246),
(8789, 'Thị trấn Hoa Sơn', 'Thị trấn', 246),
(8791, 'Xã Liễn Sơn', 'Xã', 246),
(8794, 'Xã Xuân Hòa', 'Xã', 246),
(8797, 'Xã Vân Trục', 'Xã', 246),
(8800, 'Xã Đồng Quế', 'Xã', 253),
(8803, 'Xã Nhân Đạo', 'Xã', 253),
(8806, 'Xã Đôn Nhân', 'Xã', 253),
(8809, 'Xã Phương Khoan', 'Xã', 253),
(8812, 'Xã Liên Hòa', 'Xã', 246),
(8815, 'Xã Tử Du', 'Xã', 246),
(8818, 'Xã Tân Lập', 'Xã', 253),
(8821, 'Xã Nhạo Sơn', 'Xã', 253),
(8824, 'Thị trấn Tam Sơn', 'Thị trấn', 253),
(8827, 'Xã Như Thụy', 'Xã', 253),
(8830, 'Xã Yên Thạch', 'Xã', 253),
(8833, 'Xã Bàn Giản', 'Xã', 246),
(8836, 'Xã Xuân Lôi', 'Xã', 246),
(8839, 'Xã Đồng Ích', 'Xã', 246),
(8842, 'Xã Tiên Lữ', 'Xã', 246),
(8845, 'Xã Văn Quán', 'Xã', 246),
(8848, 'Xã Đồng Thịnh', 'Xã', 253),
(8851, 'Xã Tứ Yên', 'Xã', 253),
(8854, 'Xã Đức Bác', 'Xã', 253),
(8857, 'Xã Đình Chu', 'Xã', 246),
(8860, 'Xã Cao Phong', 'Xã', 253),
(8863, 'Xã Triệu Đề', 'Xã', 246),
(8866, 'Xã Sơn Đông', 'Xã', 246),
(8869, 'Thị trấn Hợp Hòa', 'Thị trấn', 247),
(8872, 'Xã Hoàng Hoa', 'Xã', 247),
(8875, 'Xã Đồng Tĩnh', 'Xã', 247),
(8878, 'Xã Kim Long', 'Xã', 247),
(8881, 'Xã Hướng Đạo', 'Xã', 247),
(8884, 'Xã Đạo Tú', 'Xã', 247),
(8887, 'Xã An Hòa', 'Xã', 247),
(8890, 'Xã Thanh Vân', 'Xã', 247),
(8893, 'Xã Duy Phiên', 'Xã', 247),
(8896, 'Xã Hoàng Đan', 'Xã', 247),
(8899, 'Xã Hoàng Lâu', 'Xã', 247),
(8902, 'Xã Vân Hội', 'Xã', 247),
(8905, 'Xã Hợp Thịnh', 'Xã', 247),
(8908, 'Thị trấn Tam Đảo', 'Thị trấn', 248),
(8911, 'Xã Hợp Châu', 'Xã', 248),
(8914, 'Xã Đạo Trù', 'Xã', 248),
(8917, 'Xã Yên Dương', 'Xã', 248),
(8920, 'Xã Bồ Lý', 'Xã', 248),
(8923, 'Xã Đại Đình', 'Xã', 248),
(8926, 'Xã Tam Quan', 'Xã', 248),
(8929, 'Xã Hồ Sơn', 'Xã', 248),
(8932, 'Xã Minh Quang', 'Xã', 248),
(8935, 'Thị trấn Hương Canh', 'Thị trấn', 249),
(8936, 'Thị trấn Gia Khánh', 'Thị trấn', 249),
(8938, 'Xã Trung Mỹ', 'Xã', 249),
(8944, 'Xã Bá Hiến', 'Xã', 249),
(8947, 'Xã Thiện Kế', 'Xã', 249),
(8950, 'Xã Hương Sơn', 'Xã', 249),
(8953, 'Xã Tam Hợp', 'Xã', 249),
(8956, 'Xã Quất Lưu', 'Xã', 249),
(8959, 'Xã Sơn Lôi', 'Xã', 249),
(8962, 'Xã Đạo Đức', 'Xã', 249),
(8965, 'Xã Tân Phong', 'Xã', 249),
(8968, 'Thị trấn Thanh Lãng', 'Thị trấn', 249),
(8971, 'Xã Phú Xuân', 'Xã', 249),
(8973, 'Thị trấn Chi Đông', 'Thị trấn', 250),
(8974, 'Xã Đại Thịnh', 'Xã', 250),
(8977, 'Xã Kim Hoa', 'Xã', 250),
(8980, 'Xã Thạch Đà', 'Xã', 250),
(8983, 'Xã Tiến Thắng', 'Xã', 250),
(8986, 'Xã Tự Lập', 'Xã', 250),
(8989, 'Thị trấn Quang Minh', 'Thị trấn', 250),
(8992, 'Xã Thanh Lâm', 'Xã', 250),
(8995, 'Xã Tam Đồng', 'Xã', 250),
(8998, 'Xã Liên Mạc', 'Xã', 250),
(9001, 'Xã Vạn Yên', 'Xã', 250),
(9004, 'Xã Chu Phan', 'Xã', 250),
(9007, 'Xã Tiến Thịnh', 'Xã', 250),
(9010, 'Xã Mê Linh', 'Xã', 250),
(9013, 'Xã Văn Khê', 'Xã', 250),
(9016, 'Xã Hoàng Kim', 'Xã', 250),
(9019, 'Xã Tiền Phong', 'Xã', 250),
(9022, 'Xã Tráng Việt', 'Xã', 250),
(9025, 'Thị trấn Yên Lạc', 'Thị trấn', 251),
(9028, 'Xã Đồng Cương', 'Xã', 251),
(9031, 'Xã Đồng Văn', 'Xã', 251),
(9034, 'Xã Bình Định', 'Xã', 251),
(9037, 'Xã Trung Nguyên', 'Xã', 251),
(9040, 'Xã Tề Lỗ', 'Xã', 251),
(9043, 'Xã Tam Hồng', 'Xã', 251),
(9046, 'Xã Yên Đồng', 'Xã', 251),
(9049, 'Xã Văn Tiến', 'Xã', 251),
(9052, 'Xã Nguyệt Đức', 'Xã', 251),
(9055, 'Xã Yên Phương', 'Xã', 251),
(9058, 'Xã Hồng Phương', 'Xã', 251),
(9061, 'Xã Trung Kiên', 'Xã', 251),
(9064, 'Xã Liên Châu', 'Xã', 251),
(9067, 'Xã Đại Tự', 'Xã', 251),
(9070, 'Xã Hồng Châu', 'Xã', 251),
(9073, 'Xã Trung Hà', 'Xã', 251),
(9076, 'Thị trấn Vĩnh Tường', 'Thị trấn', 252),
(9079, 'Xã Kim Xá', 'Xã', 252),
(9082, 'Xã Yên Bình', 'Xã', 252),
(9085, 'Xã Chấn Hưng', 'Xã', 252),
(9088, 'Xã Nghĩa Hưng', 'Xã', 252),
(9091, 'Xã Yên Lập', 'Xã', 252),
(9094, 'Xã Việt Xuân', 'Xã', 252),
(9097, 'Xã Bồ Sao', 'Xã', 252),
(9100, 'Xã Đại Đồng', 'Xã', 252),
(9103, 'Xã Tân Tiến', 'Xã', 252),
(9106, 'Xã Lũng Hoà', 'Xã', 252),
(9109, 'Xã Cao Đại', 'Xã', 252),
(9112, 'Thị Trấn Thổ Tang', 'Thị trấn', 252),
(9115, 'Xã Vĩnh Sơn', 'Xã', 252),
(9118, 'Xã Bình Dương', 'Xã', 252),
(9121, 'Xã Tân Cương', 'Xã', 252),
(9124, 'Xã Phú Thịnh', 'Xã', 252),
(9127, 'Xã Thượng Trưng', 'Xã', 252),
(9130, 'Xã Vũ Di', 'Xã', 252),
(9133, 'Xã Lý Nhân', 'Xã', 252),
(9136, 'Xã Tuân Chính', 'Xã', 252),
(9139, 'Xã Vân Xuân', 'Xã', 252),
(9142, 'Xã Tam Phúc', 'Xã', 252),
(9145, 'Thị trấn Tứ Trưng', 'Thị trấn', 252),
(9148, 'Xã Ngũ Kiên', 'Xã', 252),
(9151, 'Xã An Tường', 'Xã', 252),
(9154, 'Xã Vĩnh Thịnh', 'Xã', 252),
(9157, 'Xã Phú Đa', 'Xã', 252),
(9160, 'Xã Vĩnh Ninh', 'Xã', 252),
(9163, 'Phường Vũ Ninh', 'Phường', 256),
(9166, 'Phường Đáp Cầu', 'Phường', 256),
(9169, 'Phường Thị Cầu', 'Phường', 256),
(9172, 'Phường Kinh Bắc', 'Phường', 256),
(9175, 'Phường Vệ An', 'Phường', 256),
(9178, 'Phường Tiền An', 'Phường', 256),
(9181, 'Phường Đại Phúc', 'Phường', 256),
(9184, 'Phường Ninh Xá', 'Phường', 256),
(9187, 'Phường Suối Hoa', 'Phường', 256),
(9190, 'Phường Võ Cường', 'Phường', 256),
(9193, 'Thị trấn Chờ', 'Thị trấn', 258),
(9196, 'Xã Dũng Liệt', 'Xã', 258),
(31117, 'Phường Cái Khế', 'Phường', 916),
(31120, 'Phường An Hòa', 'Phường', 916),
(31123, 'Phường Thới Bình', 'Phường', 916),
(31126, 'Phường An Nghiệp', 'Phường', 916),
(31129, 'Phường An Cư', 'Phường', 916),
(31132, 'Phường An Hội', 'Phường', 916),
(31135, 'Phường Tân An', 'Phường', 916),
(31138, 'Phường An Lạc', 'Phường', 916),
(31141, 'Phường An Phú', 'Phường', 916),
(31144, 'Phường Xuân Khánh', 'Phường', 916),
(31147, 'Phường Hưng Lợi', 'Phường', 916),
(31149, 'Phường An Khánh', 'Phường', 916),
(31150, 'Phường An Bình', 'Phường', 916);

--
-- Chỉ mục cho các bảng đã đổ
--

--
-- Chỉ mục cho bảng `migrations`
--
ALTER TABLE `migrations`
  ADD PRIMARY KEY (`id`);

--
-- Chỉ mục cho bảng `tbl_admin`
--
ALTER TABLE `tbl_admin`
  ADD PRIMARY KEY (`admin_id`);

--
-- Chỉ mục cho bảng `tbl_brand_product`
--
ALTER TABLE `tbl_brand_product`
  ADD PRIMARY KEY (`brand_id`);

--
-- Chỉ mục cho bảng `tbl_category_product`
--
ALTER TABLE `tbl_category_product`
  ADD PRIMARY KEY (`category_id`);

--
-- Chỉ mục cho bảng `tbl_comment`
--
ALTER TABLE `tbl_comment`
  ADD PRIMARY KEY (`comment_id`),
  ADD KEY `comment_product_id` (`comment_product_id`);

--
-- Chỉ mục cho bảng `tbl_coupon`
--
ALTER TABLE `tbl_coupon`
  ADD PRIMARY KEY (`coupon_id`);

--
-- Chỉ mục cho bảng `tbl_customer`
--
ALTER TABLE `tbl_customer`
  ADD PRIMARY KEY (`customer_id`);

--
-- Chỉ mục cho bảng `tbl_fee_ship`
--
ALTER TABLE `tbl_fee_ship`
  ADD PRIMARY KEY (`fee_id`),
  ADD KEY `fee_matp` (`fee_matp`,`fee_maqh`,`fee_xaid`),
  ADD KEY `fee_maqh` (`fee_maqh`),
  ADD KEY `fee_xaid` (`fee_xaid`);

--
-- Chỉ mục cho bảng `tbl_order`
--
ALTER TABLE `tbl_order`
  ADD PRIMARY KEY (`order_id`),
  ADD KEY `customer_id` (`customer_id`,`shipping_id`,`payment_id`),
  ADD KEY `payment_id` (`payment_id`),
  ADD KEY `shipping_id` (`shipping_id`);

--
-- Chỉ mục cho bảng `tbl_order_details`
--
ALTER TABLE `tbl_order_details`
  ADD PRIMARY KEY (`order_details_id`),
  ADD KEY `order_id` (`order_id`,`product_id`),
  ADD KEY `product_id` (`product_id`);

--
-- Chỉ mục cho bảng `tbl_payment`
--
ALTER TABLE `tbl_payment`
  ADD PRIMARY KEY (`payment_id`);

--
-- Chỉ mục cho bảng `tbl_product`
--
ALTER TABLE `tbl_product`
  ADD PRIMARY KEY (`product_id`),
  ADD KEY `category_id` (`category_id`,`brand_id`),
  ADD KEY `brand_id` (`brand_id`);

--
-- Chỉ mục cho bảng `tbl_quanhuyen`
--
ALTER TABLE `tbl_quanhuyen`
  ADD PRIMARY KEY (`maqh`),
  ADD KEY `matp` (`matp`);

--
-- Chỉ mục cho bảng `tbl_rating`
--
ALTER TABLE `tbl_rating`
  ADD PRIMARY KEY (`rating_id`),
  ADD KEY `product_id` (`product_id`);

--
-- Chỉ mục cho bảng `tbl_shipping`
--
ALTER TABLE `tbl_shipping`
  ADD PRIMARY KEY (`shipping_id`),
  ADD KEY `customer_id` (`customer_id`);

--
-- Chỉ mục cho bảng `tbl_statistical`
--
ALTER TABLE `tbl_statistical`
  ADD PRIMARY KEY (`statistical_id`);

--
-- Chỉ mục cho bảng `tbl_tinhthanhpho`
--
ALTER TABLE `tbl_tinhthanhpho`
  ADD PRIMARY KEY (`matp`);

--
-- Chỉ mục cho bảng `tbl_visitor`
--
ALTER TABLE `tbl_visitor`
  ADD PRIMARY KEY (`visitor_id`);

--
-- Chỉ mục cho bảng `tbl_xaphuongthitran`
--
ALTER TABLE `tbl_xaphuongthitran`
  ADD PRIMARY KEY (`xaid`),
  ADD KEY `maqh` (`maqh`);

--
-- AUTO_INCREMENT cho các bảng đã đổ
--

--
-- AUTO_INCREMENT cho bảng `migrations`
--
ALTER TABLE `migrations`
  MODIFY `id` int(10) UNSIGNED NOT NULL AUTO_INCREMENT, AUTO_INCREMENT=21;

--
-- AUTO_INCREMENT cho bảng `tbl_admin`
--
ALTER TABLE `tbl_admin`
  MODIFY `admin_id` int(10) UNSIGNED NOT NULL AUTO_INCREMENT, AUTO_INCREMENT=2;

--
-- AUTO_INCREMENT cho bảng `tbl_brand_product`
--
ALTER TABLE `tbl_brand_product`
  MODIFY `brand_id` int(10) UNSIGNED NOT NULL AUTO_INCREMENT, AUTO_INCREMENT=13;

--
-- AUTO_INCREMENT cho bảng `tbl_category_product`
--
ALTER TABLE `tbl_category_product`
  MODIFY `category_id` int(10) UNSIGNED NOT NULL AUTO_INCREMENT, AUTO_INCREMENT=8;

--
-- AUTO_INCREMENT cho bảng `tbl_comment`
--
ALTER TABLE `tbl_comment`
  MODIFY `comment_id` int(11) NOT NULL AUTO_INCREMENT, AUTO_INCREMENT=7;

--
-- AUTO_INCREMENT cho bảng `tbl_coupon`
--
ALTER TABLE `tbl_coupon`
  MODIFY `coupon_id` int(10) UNSIGNED NOT NULL AUTO_INCREMENT, AUTO_INCREMENT=5;

--
-- AUTO_INCREMENT cho bảng `tbl_customer`
--
ALTER TABLE `tbl_customer`
  MODIFY `customer_id` int(10) UNSIGNED NOT NULL AUTO_INCREMENT, AUTO_INCREMENT=5;

--
-- AUTO_INCREMENT cho bảng `tbl_fee_ship`
--
ALTER TABLE `tbl_fee_ship`
  MODIFY `fee_id` int(50) NOT NULL AUTO_INCREMENT, AUTO_INCREMENT=4;

--
-- AUTO_INCREMENT cho bảng `tbl_order`
--
ALTER TABLE `tbl_order`
  MODIFY `order_id` int(10) UNSIGNED NOT NULL AUTO_INCREMENT, AUTO_INCREMENT=16;

--
-- AUTO_INCREMENT cho bảng `tbl_order_details`
--
ALTER TABLE `tbl_order_details`
  MODIFY `order_details_id` int(10) UNSIGNED NOT NULL AUTO_INCREMENT, AUTO_INCREMENT=26;

--
-- AUTO_INCREMENT cho bảng `tbl_payment`
--
ALTER TABLE `tbl_payment`
  MODIFY `payment_id` int(10) UNSIGNED NOT NULL AUTO_INCREMENT, AUTO_INCREMENT=17;

--
-- AUTO_INCREMENT cho bảng `tbl_product`
--
ALTER TABLE `tbl_product`
  MODIFY `product_id` int(10) UNSIGNED NOT NULL AUTO_INCREMENT, AUTO_INCREMENT=29;

--
-- AUTO_INCREMENT cho bảng `tbl_rating`
--
ALTER TABLE `tbl_rating`
  MODIFY `rating_id` int(11) NOT NULL AUTO_INCREMENT, AUTO_INCREMENT=11;

--
-- AUTO_INCREMENT cho bảng `tbl_shipping`
--
ALTER TABLE `tbl_shipping`
  MODIFY `shipping_id` int(10) UNSIGNED NOT NULL AUTO_INCREMENT, AUTO_INCREMENT=13;

--
-- AUTO_INCREMENT cho bảng `tbl_statistical`
--
ALTER TABLE `tbl_statistical`
  MODIFY `statistical_id` int(11) NOT NULL AUTO_INCREMENT, AUTO_INCREMENT=74;

--
-- AUTO_INCREMENT cho bảng `tbl_visitor`
--
ALTER TABLE `tbl_visitor`
  MODIFY `visitor_id` int(11) NOT NULL AUTO_INCREMENT, AUTO_INCREMENT=10;

--
-- Các ràng buộc cho các bảng đã đổ
--

--
-- Các ràng buộc cho bảng `tbl_comment`
--
ALTER TABLE `tbl_comment`
  ADD CONSTRAINT `tbl_comment_ibfk_1` FOREIGN KEY (`comment_product_id`) REFERENCES `tbl_product` (`product_id`) ON DELETE CASCADE ON UPDATE CASCADE;

--
-- Các ràng buộc cho bảng `tbl_fee_ship`
--
ALTER TABLE `tbl_fee_ship`
  ADD CONSTRAINT `tbl_fee_ship_ibfk_1` FOREIGN KEY (`fee_maqh`) REFERENCES `tbl_quanhuyen` (`maqh`) ON DELETE CASCADE ON UPDATE CASCADE,
  ADD CONSTRAINT `tbl_fee_ship_ibfk_2` FOREIGN KEY (`fee_xaid`) REFERENCES `tbl_xaphuongthitran` (`xaid`) ON DELETE CASCADE ON UPDATE CASCADE,
  ADD CONSTRAINT `tbl_fee_ship_ibfk_3` FOREIGN KEY (`fee_matp`) REFERENCES `tbl_tinhthanhpho` (`matp`) ON DELETE CASCADE ON UPDATE CASCADE;

--
-- Các ràng buộc cho bảng `tbl_order`
--
ALTER TABLE `tbl_order`
  ADD CONSTRAINT `tbl_order_ibfk_1` FOREIGN KEY (`payment_id`) REFERENCES `tbl_payment` (`payment_id`) ON DELETE CASCADE ON UPDATE CASCADE,
  ADD CONSTRAINT `tbl_order_ibfk_2` FOREIGN KEY (`customer_id`) REFERENCES `tbl_customer` (`customer_id`) ON DELETE CASCADE ON UPDATE CASCADE,
  ADD CONSTRAINT `tbl_order_ibfk_3` FOREIGN KEY (`shipping_id`) REFERENCES `tbl_shipping` (`shipping_id`) ON DELETE CASCADE ON UPDATE CASCADE;

--
-- Các ràng buộc cho bảng `tbl_order_details`
--
ALTER TABLE `tbl_order_details`
  ADD CONSTRAINT `tbl_order_details_ibfk_1` FOREIGN KEY (`order_id`) REFERENCES `tbl_order` (`order_id`) ON DELETE NO ACTION ON UPDATE NO ACTION,
  ADD CONSTRAINT `tbl_order_details_ibfk_2` FOREIGN KEY (`product_id`) REFERENCES `tbl_product` (`product_id`) ON DELETE CASCADE ON UPDATE CASCADE;

--
-- Các ràng buộc cho bảng `tbl_product`
--
ALTER TABLE `tbl_product`
  ADD CONSTRAINT `tbl_product_ibfk_1` FOREIGN KEY (`category_id`) REFERENCES `tbl_category_product` (`category_id`),
  ADD CONSTRAINT `tbl_product_ibfk_2` FOREIGN KEY (`brand_id`) REFERENCES `tbl_brand_product` (`brand_id`);

--
-- Các ràng buộc cho bảng `tbl_quanhuyen`
--
ALTER TABLE `tbl_quanhuyen`
  ADD CONSTRAINT `tbl_quanhuyen_ibfk_1` FOREIGN KEY (`matp`) REFERENCES `tbl_tinhthanhpho` (`matp`) ON DELETE CASCADE ON UPDATE CASCADE;

--
-- Các ràng buộc cho bảng `tbl_rating`
--
ALTER TABLE `tbl_rating`
  ADD CONSTRAINT `tbl_rating_ibfk_1` FOREIGN KEY (`product_id`) REFERENCES `tbl_product` (`product_id`) ON DELETE CASCADE ON UPDATE CASCADE;

--
-- Các ràng buộc cho bảng `tbl_shipping`
--
ALTER TABLE `tbl_shipping`
  ADD CONSTRAINT `tbl_shipping_ibfk_1` FOREIGN KEY (`customer_id`) REFERENCES `tbl_customer` (`customer_id`) ON DELETE CASCADE ON UPDATE CASCADE;

--
-- Các ràng buộc cho bảng `tbl_xaphuongthitran`
--
ALTER TABLE `tbl_xaphuongthitran`
  ADD CONSTRAINT `tbl_xaphuongthitran_ibfk_1` FOREIGN KEY (`maqh`) REFERENCES `tbl_quanhuyen` (`maqh`) ON DELETE CASCADE ON UPDATE CASCADE;
COMMIT;

/*!40101 SET CHARACTER_SET_CLIENT=@OLD_CHARACTER_SET_CLIENT */;
/*!40101 SET CHARACTER_SET_RESULTS=@OLD_CHARACTER_SET_RESULTS */;
/*!40101 SET COLLATION_CONNECTION=@OLD_COLLATION_CONNECTION */;
